,Tonnes (Millions),Usage,Alimentaire/non alimentaire
0,70,Alimentation Humaine,Alimentaire
1,5,"fins ornementales,  alevins,  appât,  usages pharmaceutiques,  alimentation directe en aquaculture",Non Alimentaire
2,"8,55",Farines et huile de poisson pour la pisciculture,Non Alimentaire
3,"3,3",Farines et huile de poisson pour le secteur porcin,Non Alimentaire
4,"2,1",Farines et huile de poisson pour le secteur avicole,Non Alimentaire
5,"1,5",Farines et huile de poisson pour l’alimentation d’animaux domestiques ou d’élevages de fourrure et autres utilisations,Non Alimentaire
6,,,
7,Tonnes (Million),Use,End use
8,70,Human consumption,Human consumption
9,5,"Ornamental purposes, fry, bait, pharmaceutical uses, direct feed in aquaculture",Other
10,"8,55",Fishmeal and fish oil for aquaculture,Other
11,"3,3",Fishmeal and fish oil for the pig sector,Other
12,"2,1",Fishmeal and fish oil for the poultry sector,Other
13,"1,5",Fishmeal and fish oil for feeding pets or fur farming and other uses,Other
