,Year,Tonnes - live weight,Country
0,1950,0,United Kingdom
1,1950,0,Sweden
2,1950,0,Norway
3,1950,0,"Korea, Dem. People's Rep"
4,1950,0,Ireland
5,1950,0,Finland
6,1950,0,Canada
7,1951,0,United Kingdom
8,1951,0,Sweden
9,1951,0,Norway
10,1951,0,"Korea, Dem. People's Rep"
11,1951,0,Ireland
12,1951,0,Finland
13,1951,0,Canada
14,1952,0,United Kingdom
15,1952,0,Sweden
16,1952,0,Norway
17,1952,0,"Korea, Dem. People's Rep"
18,1952,0,Ireland
19,1952,0,Finland
20,1952,0,Canada
21,1953,0,United Kingdom
22,1953,0,Sweden
23,1953,0,Norway
24,1953,0,"Korea, Dem. People's Rep"
25,1953,0,Ireland
26,1953,0,Finland
27,1953,0,Canada
28,1954,0,United Kingdom
29,1954,0,Sweden
30,1954,0,Norway
31,1954,0,"Korea, Dem. People's Rep"
32,1954,0,Ireland
33,1954,0,Finland
34,1954,0,Canada
35,1955,0,United Kingdom
36,1955,0,Sweden
37,1955,0,Norway
38,1955,0,"Korea, Dem. People's Rep"
39,1955,0,Ireland
40,1955,0,Finland
41,1955,0,Canada
42,1956,0,United Kingdom
43,1956,0,Sweden
44,1956,0,Norway
45,1956,0,"Korea, Dem. People's Rep"
46,1956,0,Ireland
47,1956,0,Finland
48,1956,0,Canada
49,1957,0,United Kingdom
50,1957,0,Sweden
51,1957,0,Norway
52,1957,0,"Korea, Dem. People's Rep"
53,1957,0,Ireland
54,1957,0,Finland
55,1957,0,Canada
56,1958,0,United Kingdom
57,1958,0,Sweden
58,1958,0,Norway
59,1958,0,"Korea, Dem. People's Rep"
60,1958,0,Ireland
61,1958,0,Finland
62,1958,0,Canada
63,1959,0,United Kingdom
64,1959,0,Sweden
65,1959,0,Norway
66,1959,0,"Korea, Dem. People's Rep"
67,1959,0,Ireland
68,1959,0,Finland
69,1959,0,Canada
70,1960,0,United Kingdom
71,1960,0,Sweden
72,1960,0,Norway
73,1960,0,"Korea, Dem. People's Rep"
74,1960,0,Ireland
75,1960,0,Finland
76,1960,0,Canada
77,1961,0,United Kingdom
78,1961,0,Sweden
79,1961,0,Norway
80,1961,0,"Korea, Dem. People's Rep"
81,1961,0,Ireland
82,1961,0,Finland
83,1961,0,Canada
84,1962,0,United Kingdom
85,1962,0,Sweden
86,1962,0,Norway
87,1962,0,"Korea, Dem. People's Rep"
88,1962,0,Ireland
89,1962,0,Finland
90,1962,0,Canada
91,1963,0,United Kingdom
92,1963,0,Sweden
93,1963,0,Norway
94,1963,0,"Korea, Dem. People's Rep"
95,1963,0,Ireland
96,1963,0,Finland
97,1963,0,Canada
98,1964,0,United Kingdom
99,1964,0,Sweden
100,1964,1,Norway
101,1964,0,"Korea, Dem. People's Rep"
102,1964,0,Ireland
103,1964,0,Finland
104,1964,0,Canada
105,1965,0,United Kingdom
106,1965,0,Sweden
107,1965,2,Norway
108,1965,0,"Korea, Dem. People's Rep"
109,1965,0,Ireland
110,1965,0,Finland
111,1965,0,Canada
112,1966,0,United Kingdom
113,1966,0,Sweden
114,1966,4,Norway
115,1966,0,"Korea, Dem. People's Rep"
116,1966,0,Ireland
117,1966,0,Finland
118,1966,0,Canada
119,1967,0,United Kingdom
120,1967,0,Sweden
121,1967,8,Norway
122,1967,0,"Korea, Dem. People's Rep"
123,1967,0,Ireland
124,1967,0,Finland
125,1967,0,Canada
126,1968,0,United Kingdom
127,1968,0,Sweden
128,1968,15,Norway
129,1968,0,"Korea, Dem. People's Rep"
130,1968,0,Ireland
131,1968,0,Finland
132,1968,0,Canada
133,1969,0,United Kingdom
134,1969,0,Sweden
135,1969,27,Norway
136,1969,0,"Korea, Dem. People's Rep"
137,1969,0,Ireland
138,1969,0,Finland
139,1969,0,Canada
140,1970,244,United Kingdom
141,1970,0,Sweden
142,1970,50,Norway
143,1970,0,"Korea, Dem. People's Rep"
144,1970,0,Ireland
145,1970,0,Iceland
146,1970,0,Finland
147,1970,0,Chile
148,1970,0,Canada
149,1971,216,United Kingdom
150,1971,0,Sweden
151,1971,98,Norway
152,1971,0,"Korea, Dem. People's Rep"
153,1971,0,Ireland
154,1971,0,Iceland
155,1971,0,Finland
156,1971,0,Chile
157,1971,0,Canada
158,1972,213,United Kingdom
159,1972,0,Sweden
160,1972,146,Norway
161,1972,0,"Korea, Dem. People's Rep"
162,1972,0,Ireland
163,1972,0,Iceland
164,1972,0,Finland
165,1972,0,Chile
166,1972,0,Canada
167,1973,401,United Kingdom
168,1973,0,Sweden
169,1973,171,Norway
170,1973,0,"Korea, Dem. People's Rep"
171,1973,0,Ireland
172,1973,0,Iceland
173,1973,0,Finland
174,1973,0,Chile
175,1973,0,Canada
176,1974,372,United Kingdom
177,1974,0,Sweden
178,1974,601,Norway
179,1974,0,"Korea, Dem. People's Rep"
180,1974,1,Ireland
181,1974,0,Iceland
182,1974,0,Finland
183,1974,0,Chile
184,1974,0,Canada
185,1975,393,United Kingdom
186,1975,0,Sweden
187,1975,862,Norway
188,1975,0,"Korea, Dem. People's Rep"
189,1975,2,Ireland
190,1975,1,Iceland
191,1975,0,Finland
192,1975,0,Chile
193,1975,0,Canada
194,1976,209,United Kingdom
195,1976,0,Sweden
196,1976,1431,Norway
197,1976,0,"Korea, Dem. People's Rep"
198,1976,5,Ireland
199,1976,5,Iceland
200,1976,0,Finland
201,1976,1,Faroe Islands
202,1976,0,Chile
203,1976,0,Canada
204,1977,115,United Kingdom
205,1977,5,Sweden
206,1977,2137,Norway
207,1977,0,"Korea, Dem. People's Rep"
208,1977,10,Ireland
209,1977,8,Iceland
210,1977,0,Finland
211,1977,2,Faroe Islands
212,1977,0,Chile
213,1977,0,Canada
214,1978,378,United Kingdom
215,1978,10,Sweden
216,1978,3540,Norway
217,1978,0,"Korea, Dem. People's Rep"
218,1978,10,Ireland
219,1978,13,Iceland
220,1978,0,Finland
221,1978,5,Faroe Islands
222,1978,0,Chile
223,1978,0,Canada
224,1979,520,United Kingdom
225,1979,15,Sweden
226,1979,4389,Norway
227,1979,0,"Korea, Dem. People's Rep"
228,1979,13,Ireland
229,1979,19,Iceland
230,1979,0,Finland
231,1979,0,Chile
232,1979,5,Canada
233,1980,598,United Kingdom
234,1980,30,Sweden
235,1980,4312,Norway
236,1980,0,"Korea, Dem. People's Rep"
237,1980,21,Ireland
238,1980,27,Iceland
239,1980,251,Finland
240,1980,22,Faroe Islands
241,1980,0,Chile
242,1980,27,Canada
243,1981,1133,United Kingdom
244,1981,0,Türkiye
245,1981,50,Sweden
246,1981,8418,Norway
247,1981,0,"Korea, Dem. People's Rep"
248,1981,35,Ireland
249,1981,39,Iceland
250,1981,312,Finland
251,1981,45,Faroe Islands
252,1981,0,Chile
253,1981,76,Canada
254,1982,2152,United Kingdom
255,1982,0,Türkiye
256,1982,50,Sweden
257,1982,10695,Norway
258,1982,0,"Korea, Dem. People's Rep"
259,1982,100,Ireland
260,1982,56,Iceland
261,1982,9,Finland
262,1982,60,Faroe Islands
263,1982,0,Chile
264,1982,143,Canada
265,1983,2536,United Kingdom
266,1983,0,Türkiye
267,1983,75,Sweden
268,1983,17298,Norway
269,1983,0,"Korea, Dem. People's Rep"
270,1983,257,Ireland
271,1983,79,Iceland
272,1983,235,Finland
273,1983,90,Faroe Islands
274,1983,0,Chile
275,1983,68,Canada
276,1984,3912,United Kingdom
277,1984,0,Türkiye
278,1984,118,Sweden
279,1984,150,Spain
280,1984,21881,Norway
281,1984,0,"Korea, Dem. People's Rep"
282,1984,385,Ireland
283,1984,107,Iceland
284,1984,93,Finland
285,1984,117,Faroe Islands
286,1984,0,Chile
287,1984,222,Canada
288,1985,6921,United Kingdom
289,1985,0,Türkiye
290,1985,81,Sweden
291,1985,150,Spain
292,1985,29473,Norway
293,1985,0,"Korea, Dem. People's Rep"
294,1985,700,Ireland
295,1985,91,Iceland
296,1985,92,Finland
297,1985,940,Faroe Islands
298,1985,0,Chile
299,1985,349,Canada
300,1986,8,United States of America
301,1986,10337,United Kingdom
302,1986,0,Türkiye
303,1986,160,Sweden
304,1986,150,Spain
305,1986,44831,Norway
306,1986,0,"Korea, Dem. People's Rep"
307,1986,1215,Ireland
308,1986,123,Iceland
309,1986,93,Finland
310,1986,1370,Faroe Islands
311,1986,0,Chile
312,1986,682,Canada
313,1986,10,Australia
314,1987,113,United States of America
315,1987,12721,United Kingdom
316,1987,0,Türkiye
317,1987,224,Sweden
318,1987,150,Spain
319,1987,46453,Norway
320,1987,0,"Korea, Dem. People's Rep"
321,1987,2300,Ireland
322,1987,490,Iceland
323,1987,3,Greece
324,1987,11,Finland
325,1987,3193,Faroe Islands
326,1987,41,Chile
327,1987,1385,Canada
328,1987,62,Australia
329,1988,898,United States of America
330,1988,17951,United Kingdom
331,1988,0,Türkiye
332,1988,363,Sweden
333,1988,150,Spain
334,1988,0,Portugal
335,1988,78744,Norway
336,1988,0,"Korea, Dem. People's Rep"
337,1988,4075,Ireland
338,1988,1053,Iceland
339,1988,11,Greece
340,1988,117,Finland
341,1988,3400,Faroe Islands
342,1988,165,Chile
343,1988,3431,Canada
344,1988,240,Australia
345,1989,2554,United States of America
346,1989,28603,United Kingdom
347,1989,0,Türkiye
348,1989,771,Sweden
349,1989,150,Spain
350,1989,100,Portugal
351,1989,111337,Norway
352,1989,0,"Korea, Dem. People's Rep"
353,1989,5500,Ireland
354,1989,1480,Iceland
355,1989,19,Greece
356,1989,71,Finland
357,1989,7901,Faroe Islands
358,1989,1860,Chile
359,1989,5967,Canada
360,1989,1750,Australia
361,1990,3185,United States of America
362,1990,32004,United Kingdom
363,1990,300,Türkiye
364,1990,602,Sweden
365,1990,355,Spain
366,1990,120,Portugal
367,1990,145990,Norway
368,1990,0,"Korea, Dem. People's Rep"
369,1990,6323,Ireland
370,1990,2716,Iceland
371,1990,12,Greece
372,1990,157,Finland
373,1990,13025,Faroe Islands
374,1990,9478,Chile
375,1990,9625,Canada
376,1990,1750,Australia
377,1991,6661,United States of America
378,1991,40657,United Kingdom
379,1991,1500,Türkiye
380,1991,270,Sweden
381,1991,553,Spain
382,1991,100,Portugal
383,1991,154900,Norway
384,1991,0,"Korea, Dem. People's Rep"
385,1991,9300,Ireland
386,1991,2566,Iceland
387,1991,33,Greece
388,1991,574,France
389,1991,146,Finland
390,1991,17914,Faroe Islands
391,1991,14957,Chile
392,1991,13499,Canada
393,1991,2653,Australia
394,1992,10028,United States of America
395,1992,36302,United Kingdom
396,1992,680,Türkiye
397,1992,388,Sweden
398,1992,782,Spain
399,1992,0,Russian Federation
400,1992,0,Portugal
401,1992,124138,Norway
402,1992,0,"Korea, Dem. People's Rep"
403,1992,9696,Ireland
404,1992,2125,Iceland
405,1992,20,Greece
406,1992,600,France
407,1992,85,Finland
408,1992,18364,Faroe Islands
409,1992,23715,Chile
410,1992,17305,Canada
411,1992,3300,Australia
412,1993,10750,United States of America
413,1993,48791,United Kingdom
414,1993,791,Türkiye
415,1993,4,Sweden
416,1993,562,Spain
417,1993,0,Russian Federation
418,1993,0,Portugal
419,1993,155581,Norway
420,1993,0,"Korea, Dem. People's Rep"
421,1993,12366,Ireland
422,1993,2348,Iceland
423,1993,30,Greece
424,1993,564,France
425,1993,0,Finland
426,1993,17660,Faroe Islands
427,1993,29180,Chile
428,1993,23483,Canada
429,1993,3500,Australia
430,1994,10906,United States of America
431,1994,64266,United Kingdom
432,1994,434,Türkiye
433,1994,7,Sweden
434,1994,909,Spain
435,1994,0,Russian Federation
436,1994,0,Portugal
437,1994,202459,Norway
438,1994,0,"Korea, Dem. People's Rep"
439,1994,11616,Ireland
440,1994,2588,Iceland
441,1994,74,Greece
442,1994,856,France
443,1994,0,Finland
444,1994,14868,Faroe Islands
445,1994,34175,Chile
446,1994,27773,Canada
447,1994,4000,Australia
448,1995,14075,United States of America
449,1995,70322,United Kingdom
450,1995,654,Türkiye
451,1995,19,Sweden
452,1995,695,Spain
453,1995,0,Russian Federation
454,1995,0,Portugal
455,1995,261522,Norway
456,1995,0,"Korea, Dem. People's Rep"
457,1995,11811,Ireland
458,1995,2591,Iceland
459,1995,7,Greece
460,1995,894,France
461,1995,0,Finland
462,1995,8539,Faroe Islands
463,1995,54250,Chile
464,1995,33674,Canada
465,1995,6192,Australia
466,1996,13906,United States of America
467,1996,83344,United Kingdom
468,1996,193,Türkiye
469,1996,12,Sweden
470,1996,726,Spain
471,1996,0,Russian Federation
472,1996,4,Portugal
473,1996,297557,Norway
474,1996,0,"Korea, Dem. People's Rep"
475,1996,14025,Ireland
476,1996,2832,Iceland
477,1996,9,Greece
478,1996,800,France
479,1996,0,Finland
480,1996,17049,Faroe Islands
481,1996,77327,Chile
482,1996,36475,Canada
483,1996,7647,Australia
484,1997,18005,United States of America
485,1997,99422,United Kingdom
486,1997,50,Türkiye
487,1997,0,Sweden
488,1997,851,Spain
489,1997,0,Russian Federation
490,1997,250,Portugal
491,1997,332581,Norway
492,1997,0,"Korea, Dem. People's Rep"
493,1997,15441,Ireland
494,1997,2513,Iceland
495,1997,12,Greece
496,1997,950,France
497,1997,0,Finland
498,1997,21103,Faroe Islands
499,1997,96675,Chile
500,1997,51015,Canada
501,1997,7648,Australia
502,1998,14507,United States of America
503,1998,110917,United Kingdom
504,1998,40,Türkiye
505,1998,0,Sweden
506,1998,798,Spain
507,1998,0,Russian Federation
508,1998,360806,Norway
509,1998,0,"Korea, Dem. People's Rep"
510,1998,14860,Ireland
511,1998,2742,Iceland
512,1998,11,Greece
513,1998,760,France
514,1998,0,Finland
515,1998,19176,Faroe Islands
516,1998,107066,Chile
517,1998,49475,Canada
518,1998,7069,Australia
519,1999,17739,United States of America
520,1999,126686,United Kingdom
521,1999,0,Türkiye
522,1999,0,Sweden
523,1999,618,Spain
524,1999,5,Russian Federation
525,1999,425154,Norway
526,1999,0,"Korea, Dem. People's Rep"
527,1999,18076,Ireland
528,1999,2900,Iceland
529,1999,9,Greece
530,1999,750,France
531,1999,0,Finland
532,1999,39252,Faroe Islands
533,1999,103242,Chile
534,1999,61990,Canada
535,1999,9195,Australia
536,2000,22395,United States of America
537,2000,128959,United Kingdom
538,2000,0,Türkiye
539,2000,0,Sweden
540,2000,226,Spain
541,2000,0,Russian Federation
542,2000,440061,Norway
543,2000,0,"Korea, Dem. People's Rep"
544,2000,17648,Ireland
545,2000,2593,Iceland
546,2000,17,Greece
547,2000,102,France
548,2000,0,Finland
549,2000,33508,Faroe Islands
550,2000,166897,Chile
551,2000,72495,Canada
552,2000,10907,Australia
553,2001,20769,United States of America
554,2001,138519,United Kingdom
555,2001,0,Türkiye
556,2001,0,Sweden
557,2001,323,Spain
558,2001,0,Russian Federation
559,2001,436103,Norway
560,2001,0,"Korea, Dem. People's Rep"
561,2001,23312,Ireland
562,2001,2645,Iceland
563,2001,23,Greece
564,2001,90,France
565,2001,0,Finland
566,2001,46041,Faroe Islands
567,2001,253850,Chile
568,2001,95606,Canada
569,2001,12724,Australia
570,2002,12734,United States of America
571,2002,145609,United Kingdom
572,2002,0,Türkiye
573,2002,0,Sweden
574,2002,152,Spain
575,2002,0,Russian Federation
576,2002,462495,Norway
577,2002,0,"Korea, Dem. People's Rep"
578,2002,23231,Ireland
579,2002,1471,Iceland
580,2002,28,Greece
581,2002,443,France
582,2002,0,Finland
583,2002,44953,Faroe Islands
584,2002,15,Denmark
585,2002,265726,Chile
586,2002,114921,Canada
587,2002,14356,Australia
588,2003,16315,United States of America
589,2003,145609,United Kingdom
590,2003,0,Türkiye
591,2003,0,Sweden
592,2003,27,Spain
593,2003,300,Russian Federation
594,2003,509544,Norway
595,2003,0,"Korea, Dem. People's Rep"
596,2003,16347,Ireland
597,2003,3708,Iceland
598,2003,9,Greece
599,2003,544,France
600,2003,0,Finland
601,2003,52526,Faroe Islands
602,2003,16,Denmark
603,2003,280301,Chile
604,2003,107228,Canada
605,2003,15208,Australia
606,2004,15127,United States of America
607,2004,158099,United Kingdom
608,2004,0,Türkiye
609,2004,0,Sweden
610,2004,15,Spain
611,2004,203,Russian Federation
612,2004,563815,Norway
613,2004,0,"Korea, Dem. People's Rep"
614,2004,14067,Ireland
615,2004,6624,Iceland
616,2004,7,Greece
617,2004,735,France
618,2004,0,Finland
619,2004,40985,Faroe Islands
620,2004,16,Denmark
621,2004,348983,Chile
622,2004,96774,Canada
623,2004,16476,Australia
624,2005,9401,United States of America
625,2005,129823,United Kingdom
626,2005,0,Türkiye
627,2005,0,Sweden
628,2005,0,Spain
629,2005,204,Russian Federation
630,2005,586512,Norway
631,2005,0,"Korea, Dem. People's Rep"
632,2005,13764,Ireland
633,2005,6488,Iceland
634,2005,6,Greece
635,2005,1190,France
636,2005,0,Finland
637,2005,18962,Faroe Islands
638,2005,18,Denmark
639,2005,385779,Chile
640,2005,98370,Canada
641,2005,16780,Australia
642,2006,10485,United States of America
643,2006,131973,United Kingdom
644,2006,0,Türkiye
645,2006,0,Sweden
646,2006,2,Spain
647,2006,229,Russian Federation
648,2006,629888,Norway
649,2006,0,"Korea, Dem. People's Rep"
650,2006,11174,Ireland
651,2006,5224,Iceland
652,2006,11,Greece
653,2006,1391,France
654,2006,0,Finland
655,2006,13078,Faroe Islands
656,2006,18,Denmark
657,2006,376476,Chile
658,2006,118061,Canada
659,2006,20710,Australia
660,2007,11001,United States of America
661,2007,130104,United Kingdom
662,2007,0,Türkiye
663,2007,0,Sweden
664,2007,0,Spain
665,2007,111,Russian Federation
666,2007,744222,Norway
667,2007,0,"Korea, Dem. People's Rep"
668,2007,9923,Ireland
669,2007,1197,Iceland
670,2007,8,Greece
671,2007,1100,France
672,2007,0,Finland
673,2007,22305,Faroe Islands
674,2007,16,Denmark
675,2007,331042,Chile
676,2007,102509,Canada
677,2007,25336,Australia
678,2008,16714,United States of America
679,2008,128744,United Kingdom
680,2008,0,Türkiye
681,2008,10,Sweden
682,2008,0,Spain
683,2008,51,Russian Federation
684,2008,737694,Norway
685,2008,9217,Ireland
686,2008,330,Iceland
687,2008,8,Greece
688,2008,1335,France
689,2008,0,Finland
690,2008,38494,Faroe Islands
691,2008,11,Denmark
692,2008,388847,Chile
693,2008,104075,Canada
694,2008,"25736,9",Australia
695,2009,14074,United States of America
696,2009,144663,United Kingdom
697,2009,0,Türkiye
698,2009,0,Sweden
699,2009,110,Spain
700,2009,2126,Russian Federation
701,2009,"862907,7",Norway
702,2009,10,"Korea, Dem. People's Rep"
703,2009,12210,Ireland
704,2009,714,Iceland
705,2009,22,Greece
706,2009,0,Finland
707,2009,51383,Faroe Islands
708,2009,"1,9",Denmark
709,2009,233308,Chile
710,2009,100212,Canada
711,2009,"0,33",Bulgaria
712,2009,29893,Australia
713,2010,19535,United States of America
714,2010,154633,United Kingdom
715,2010,0,Türkiye
716,2010,0,Sweden
717,2010,"79,2",Spain
718,2010,4500,Russian Federation
719,2010,939536,Norway
720,2010,10,"Korea, Dem. People's Rep"
721,2010,15691,Ireland
722,2010,1068,Iceland
723,2010,10,Greece
724,2010,0,Finland
725,2010,45391,Faroe Islands
726,2010,15,Denmark
727,2010,123233,Chile
728,2010,101544,Canada
729,2010,"31806,79",Australia
730,2011,18595,United States of America
731,2011,"158309,5",United Kingdom
732,2011,0,Türkiye
733,2011,0,Sweden
734,2011,0,Spain
735,2011,8500,Russian Federation
736,2011,1064868,Norway
737,2011,15,"Korea, Dem. People's Rep"
738,2011,12196,Ireland
739,2011,1083,Iceland
740,2011,0,Greece
741,2011,0,Finland
742,2011,60473,Faroe Islands
743,2011,10,Denmark
744,2011,264349,Chile
745,2011,110328,Canada
746,2011,"36662,04",Australia
747,2012,19295,United States of America
748,2012,162547,United Kingdom
749,2012,0,Türkiye
750,2012,0,Sweden
751,2012,4,Spain
752,2012,8754,Russian Federation
753,2012,"1232094,9",Norway
754,2012,15,"Korea, Dem. People's Rep"
755,2012,12440,Ireland
756,2012,2923,Iceland
757,2012,0,Greece
758,2012,0,Finland
759,2012,76564,Faroe Islands
760,2012,"0,2",Denmark
761,2012,399678,Chile
762,2012,116101,Canada
763,2012,43982,Australia
764,2013,18866,United States of America
765,2013,163240,United Kingdom
766,2013,0,Türkiye
767,2013,6,Sweden
768,2013,0,Spain
769,2013,22500,Russian Federation
770,2013,1168324,Norway
771,2013,15,"Korea, Dem. People's Rep"
772,2013,"9124,9",Ireland
773,2013,3018,Iceland
774,2013,0,Greece
775,2013,0,Finland
776,2013,75821,Faroe Islands
777,2013,10,Denmark
778,2013,492329,Chile
779,2013,97629,Canada
780,2013,"42825,01",Australia
781,2014,18719,United States of America
782,2014,179028,United Kingdom
783,2014,8,Sweden
784,2014,"3,8",Spain
785,2014,18675,Russian Federation
786,2014,"1258355,9",Norway
787,2014,20,"Korea, Dem. People's Rep"
788,2014,"9367,6",Ireland
789,2014,3965,Iceland
790,2014,0,Greece
791,2014,0,Finland
792,2014,86454,Faroe Islands
793,2014,405,Denmark
794,2014,644459,Chile
795,2014,86347,Canada
796,2014,"41590,66",Australia
797,2015,18719,United States of America
798,2015,171731,United Kingdom
799,2015,"7,785",Spain
800,2015,10834,Russian Federation
801,2015,"1303345,8",Norway
802,2015,20,"Korea, Dem. People's Rep"
803,2015,13116,Ireland
804,2015,3260,Iceland
805,2015,0,Greece
806,2015,0,Finland
807,2015,80600,Faroe Islands
808,2015,428,Denmark
809,2015,608546,Chile
810,2015,121926,Canada
811,2015,"48330,56",Australia
812,2016,16185,United States of America
813,2016,162820,United Kingdom
814,2016,1,Sweden
815,2016,"5,162",Spain
816,2016,12857,Russian Federation
817,2016,"1233619,2",Norway
818,2016,20,"Korea, Dem. People's Rep"
819,2016,16300,Ireland
820,2016,8420,Iceland
821,2016,0,Greece
822,2016,0,Finland
823,2016,83300,Faroe Islands
824,2016,1289,Denmark
825,2016,532225,Chile
826,2016,123522,Canada
827,2016,"56115,197",Australia
828,2017,14685,United States of America
829,2017,189707,United Kingdom
830,2017,"24,39",Spain
831,2017,13016,Russian Federation
832,2017,1236353,Norway
833,2017,50,"Korea, Dem. People's Rep"
834,2017,18342,Ireland
835,2017,11265,Iceland
836,2017,0,Greece
837,2017,0,Finland
838,2017,86800,Faroe Islands
839,2017,807,Denmark
840,2017,"614180,46",Chile
841,2017,120553,Canada
842,2017,"52580,2",Australia
843,2018,16107,United States of America
844,2018,156025,United Kingdom
845,2018,100,Switzerland
846,2018,20566,Russian Federation
847,2018,"1282003,2",Norway
848,2018,60,"Korea, Dem. People's Rep"
849,2018,11984,Ireland
850,2018,13448,Iceland
851,2018,0,Finland
852,2018,78900,Faroe Islands
853,2018,1030,Denmark
854,2018,"661138,39",Chile
855,2018,123184,Canada
856,2018,61227,Australia
857,2019,"16490,52",United States of America
858,2019,203881,United Kingdom
859,2019,"159,4",Switzerland
860,2019,"11,606",Spain
861,2019,32343,Russian Federation
862,2019,"1364042,038",Norway
863,2019,60,"Korea, Dem. People's Rep"
864,2019,11333,Ireland
865,2019,26957,Iceland
866,2019,0,Finland
867,2019,95000,Faroe Islands
868,2019,"1462,53",Denmark
869,2019,701984,Chile
870,2019,118630,Canada
871,2019,"56989,34",Australia
872,2020,"16490,52",United States of America
873,2020,192129,United Kingdom
874,2020,300,United Arab Emirates
875,2020,"159,4",Switzerland
876,2020,10855,Russian Federation
877,2020,"1388433,84",Norway
878,2020,60,"Korea, Dem. People's Rep"
879,2020,12870,Ireland
880,2020,34341,Iceland
881,2020,88950,Faroe Islands
882,2020,1940,Denmark
883,2020,787131,Chile
884,2020,120427,Canada
885,2020,"66918,495",Australia
886,2021,"16490,52",United States of America
887,2021,205000,United Kingdom
888,2021,180,United Arab Emirates
889,2021,160,Switzerland
890,2021,14959,Russian Federation
891,2021,"1562415,01",Norway
892,2021,60,"Korea, Dem. People's Rep"
893,2021,12844,Ireland
894,2021,46458,Iceland
895,2021,115650,Faroe Islands
896,2021,1668,Denmark
897,2021,725280,Chile
898,2021,120186,Canada
899,2021,"84045,234",Australia
