,Producteur,Production en tonnes,Nombre de projets,Pays des projets,Nom commercial,Date de création,Siège,Drapeau,Site internet,Revenus 2022 dollars,Employés 2022,Note
0,Pure Salmon,260000,8,"Arabie Saoudite, Etats Unis, Chine, France, Japon, Lesotho, Brunei, à définir",Pure Salmon,2018.0,"Abu Dhabi, Emirats Arabes Unis",🇦🇪,http://www.pure-salmon.com/,,250.0,Financé par 8F Asset Management
1,Atlantic Sapphire,200000,1,Etats Unis,Atlantic Sapphire ,2010.0,"Miami, Florida, Etats Unis",🇺🇸,https://atlanticsapphire.com/,18954000.0,177.0,
2,Norwegian Mountain Salmon,115000,2,"Royaume Uni, Norvège",Norwegian Mountain Salmon AS,,,🇳🇴,https://www.norwegianmountainsalmon.no/,,12.0,
3,Maiken Foods,106000,2,Portugal,Maiken Foods AS,2021.0,"Oslo, Norvège",🇳🇴,https://maikenfoods.com/,,,
4,Salmon Evolution,100000,4,"Etats Unis, Corée du Sud, Norvège, à définir",Hofseth International,2001.0,"Alesund, Norvège",🇳🇴,http://www.hofseth.no/,,500.0,
5,Sotenas Marine Park,100000,1,Suède,Quality Salmon Sotenäs AB,2021.0,"Sotenäs, Norvège",🇳🇴,https://seafood.media/fis/companies/details.asp?l=e&filterby=companies&=&country_id=&page=1&company_id=169963&submenu=info,,,
6,World Heritage Salmon,100000,1,Norvège,Salmon Evolution,2017.0,"Elnesvågen, Norvège",🇳🇴,https://salmonevolution.no/,,65.0,Financé par Lighthouse Finance
7,Qingdao Guoxin,80700,3,Chine,"Qingdao Guoxin Development (Group) Co., Ltd.",2008.0,"Shandong Sheng, Chine",🇨🇳,,,,
8,Sande Aqua AS,66000,1,Norvège,,,,🇳🇴,,,,
9,West Coast Salmon,60000,1,Etats Unis,West Coast Salmon,2019.0,"Oslo, Norvège",🇳🇴,www.westcoast.no,,10.0,
