,Unnamed: 0,Saumon élevage terrestre,Saumon élevage en mer,Thon albacore en boite (pêché),"Poissons “proie” (sardines, maquereaux)","Coquillages (moules, huitres)",Algues,Simili saumon fumé,Huile de colza (bio)
0,Éléments toxiques,5 - Principal mode d'imprégnation : les poissons gras et les crustacés,5 - Principal mode d'imprégnation : les poissons gras et les crustacés,6 - Principal mode d'imprégnation : les poissons gras et les crustacés,4 - ,4 - Principal mode d'imprégnation : les poissons gras et les crustacés,2 - ,2 - ,1 - 
1,Apport en omégas 3,2 - Consommer du saumon couvre moins de trois quarts des besoins journaliers en oméga 3 (73% pour 100g). Omégas 3 de type DHA et EPA 🐟.,2 - Consommer du saumon couvre moins de trois quarts des besoins journaliers en oméga 3 (73% pour 100g). Omégas 3 de type DHA et EPA 🐟.,"5 - Consommer du thon albacore en boite couvre moins d'un tiers des besoins journaliers en oméga 3 (29%, pour 100g). Omégas 3 de type DHA et EPA 🐟.","1 - Consommer des poissons ""proie"" ne couvre pas complètement les besoins journaliers en oméga 3 (93%, pour 100g). Omégas 3 de type DHA et EPA 🐟.","5 - Consommer des coquillages couvre moins d'un tiers des besoins journaliers en oméga 3 (17%, pour 100g). Omégas 3 de type DHA et EPA 🐟.",6 - Les algues ne contiennent pas d'omégas 3. ,"2 - Consommer du Simili couvre trois quarts des besoins journaliers en oméga 3 (74%, pour 100g). Omégas 3 de type ALA 🌱.","1 - Consommer de l'huile de colza couvre complètement les besoins journaliers en oméga 3 (328%, pour 100g). Omégas 3 de type ALA 🌱."
2,Biodiversité,5 - Fortes pressions environnementales liées à l’alimentation des saumons : l'approvisionnement en farines végétales contribue à la déforestation en Amazonie et les farines de poisson aggravent la surpêche et le déclin des populations de poissons sauvages.,"6 - Dégradation forte de la qualité de l'eau du milieu marin : rejets de nutriments et d'excréments, eutrophisation et bloom de phytoplancton, rejets de pesticides et microplastiques.","6 - Dégradation de la qualité de l'eau du milieu marin : utilisation moindre mais avérée d'insecticides, rejets de nutriments et d'excréments dans la mer, risques d'eutrophisation et bloom de phytoplancton, rejets de microplastiques dus à la désagrégation des tuyaux d'alimentation.",4 - ,4 - ,4 - ,2 - ,1 - 
3,Empreinte carbone,6 - L'empreinte carbone du saumon (élevage terrestre) est estimée entre 15 et 20kg de CO2 equivalent par kg de saumon produit.,5 - L'empreinte carbone du saumon (élevage en mer) est estimée à 10kg de CO2 equivalent  par kg de saumon produit (d'après WWF).,3 - L'empreinte carbone du thon albacore est estimée à 4.4kg de CO2 equivalent par kg de thon produit (d'après Agribalyse).,"4 - L'empreinte carbone des poissons ""proie"" est estimée à 7.26kg de CO2 equivalent par kg produit (d'après Agribalyse).",3 - L'empreinte carbone des coquillages est estimée à 5.7kg de CO2 equivalent par kg produit (d'après Agribalyse).,"4 - L'empreinte carbone des algues est estimée à 6.7kg de CO2 equivalent par kg produit (d'après Agribalyse; moyenne de ulva, nori, kombu breton, haricot de mer).",1 - L'empreinte carbone du Smili est estimée à 1.6kg de CO2 equivalent par kg produit (d'après Agribalyse).,2 - L'empreinte carbone de l'huile de colza est estimée à 2.3kg de CO2 equivalent par kg produit (d'après Agribalyse).
4,Impacts sociaux ,6 - Fort détournement des productions de soja et de la pêche des petits pélagiques pour nourrir les saumons au détriment des peuples humains ; 90% des captures de la pêche minotière mondiale sont composés d’espèces directement comestibles par les humains.,6 - Fort détournement des productions de soja et de la pêche des petits pélagiques pour nourrir les saumons au détriment des peuples humains ; 90% des captures de la pêche minotière mondiale sont composés d’espèces directement comestibles par les humains.,"6 - Si elevé en ferme (55%), la production de thon pollue les eaux et les terres avec des produits chimiques et des antibiotiques. Les poissions tombent malades et les maladies peuvent se répandre vite via les mouettes qui les mangent.","4 - La pêche des poissons ""proie"" provient de l'océan Atlantique Nord-Est (Méditerranée, Maroc et Mauritanie) au chalut coulissant et à la senne pélagique, mettant en péril la sécurité alimentaire des communautés locales.","3 - La production de coquillage est un secteur d'emploi important (environ 17 000 personnes), il s'agit d'une main d'oeuvre familiale.","1 - Le développement et la consommation d'algues est recommandé pour la transformation du système alimentaire à l'échelle mondiale, l'UE et pour l'ODD relatif à une aquaculture durable/faible niveau tropique. C'est une filière en plein essor. ",2 - ,"1 - Filière porteuse d'emploi, a besoin de soutien pour la bio"
5,Condition animale,"6 - Dans les fermes d'élevage de saumon terrestre, les densités sont de 70 kg à 150 kg de saumons par mètre cube d'eau (selon l'IFSA, 2015), ce qui augmentent les risques de maladies infectieuses.","4 - Dans les fermes d'élevage de saumon en mer (en cage marine), les densité sont de l'ordre de 25 kg de saumon par mètre cube d'eau. Le bien-être est dégradé à partir du seuil de 22 kg/m3 en cages marines pour les saumons atlantiques.","6 - Les techniques utilisées par les pêcheries de thons ont des effets négatifs sur de nombreuses espèces non ciblées (100,000 tonnes de captures accessoires et rejets chaque année dans les pêcheries mondiales de thon).","3 - Souffrance et stress des animaux capturés et ceux utilisés en appâts vivants, mais une meilleure capacité à capturer les espèces cibles.",2 - ,1 - Pas d'impacte sur la condition animale.,2 - ,1 - Pas d'impacte sur la condition animale.
