"","Country","Year","Production (Capture + Aquaculture)","Imports","Exports","Apparent consumption","Apparent consumption per capita"
"1","USA",2021,383107.189,831290.21551,266717.07111,947680.3334,2.82096413488043
"2","USA",2019,394924,716601.99339,262447.72069,849078.2727,2.52745495561734
"3","USA",2020,243456.52,765900.11532,192306.08902,817050.5463,2.43211788433718
"4","USA",2017,472220,617700.36,323678.49,766241.87,2.28087547850522
"5","USA",2015,502644,577877.6,326018.01,754503.59,2.24593408981312
"6","USA",2018,278123,677185.84,234985.86,720322.98,2.14418852063749
"7","USA",2016,270940,587335.45,255350.08,602925.37,1.79473054872567
"8","Russia",2018,701052,106665.22,233176.69,574540.53,3.94555944704258
"9","Russia",2021,555427,84610.84,103385.53,536652.31,3.68536853526717
"10","Japan",2015,162265,351955.82,23486.96,490733.86,3.91819122519861
"11","Japan",2021,112767,377150.4092,9599.28275,480318.12645,3.8350283560222
"12","Japan",2020,116577,369883.08596,11719.70767,474740.37829,3.79049365874885
"13","Japan",2018,124323,361037.92,11886.51,473474.41,3.780385723981
"14","Russia",2019,535702,87080.42707,159709.5,463072.92707,3.18007462775637
"15","Japan",2019,111548,362769.56527,11934.11908,462383.44619,3.69183157962394
"16","Japan",2016,133217,341924.59,21011.99,454129.6,3.6259299772446
"17","Japan",2017,97042,350014.71,13870.98,433185.73,3.45870677472155
"18","Russia",2015,382795,103406.34,82389.9,403811.44,2.77310643674846
"19","Russia",2016,459219,83999.85,162988.22,380230.63,2.61116923161444
"20","Russia",2017,368516,84935.23,102124.34,351326.89,2.41267770933339
"21","Russia",2020,310849,97482.02,134381.57,273949.45,1.88130129037132
"22","France",2021,3.965,324939.26344,55164.95845,269778.26999,4.18390617230149
"23","France",2020,10.182,246561.3951,27229.89505,219341.68205,3.40170102434864
"24","France",2019,11.37,239014.51348,28126.3754,210899.50808,3.27077400868486
"25","United Kingdom",2021,205423,144063.21932,139921.955714,209564.263606,3.12507290007307
"26","France",2018,6.808,237676.35,30090.86,207592.298,3.21948352977667
"27","France",2017,12.106,228472.55,30665.97,197818.686,3.06790766129032
"28","Germany",2016,2,299984,102297.38,197688.62,2.37238680411381
"29","Germany",2020,0,275980.53522,80265.81358,195714.72164,2.34869879201718
"30","France",2015,13.533,228137.83,33804.55,194346.813,3.01406347704715
"31","France",2016,9.335,230392.5,37225.28,193176.555,2.99591431451613
"32","Germany",2019,5,267328.78241,74949.28099,192384.50142,2.3087340712117
"33","Germany",2021,3,266818.91187,79453.6124,187368.29947,2.24853651753891
"34","Germany",2015,10,276142.43,92189.97,183962.46,2.20766431854456
"35","United Kingdom",2020,192179.772,113990.56155,127206.9524,178963.38115,2.6687451520303
"36","Germany",2018,5,261133.01,82779,178359.01,2.14041942180993
"37","Germany",2017,0,273227.09,95050.63,178176.46,2.13822870789281
"38","United Kingdom",2019,203981,130718.4063,158328.246851,176371.159449,2.63008931610969
"39","United Kingdom",2016,162993.799,123536.65,126627.69,159902.759,2.38450855217048
"40","United Kingdom",2017,189847.333,108489.61,142957.72,155379.223,2.31705249108994
"41","China",2018,0,339381.44,188390.14,150991.3,0.105964012267269
"42","Italy",2021,0,145449.33429,4215.93665,141233.39764,2.37363065561923
"43","United Kingdom",2018,156121.094,110596.39,127350.09,139367.394,2.0782802308415
"44","United Kingdom",2015,171921.109,104364.83,142072.49,134213.449,2.00142335853502
"45","Italy",2019,0,137110.44167,4636.46281,132473.97886,2.22641600746206
"46","Italy",2020,0,130751.86644,3673.55609,127078.31035,2.13573402715921
"47","Brazil",2015,0,122711.81,0,122711.81,0.575582140377868
"48","Italy",2018,0,123246.43,4358.05,118888.38,1.99809045226131
"49","Brazil",2020,0,116627.59504,119.57617,116508.01887,0.546483136972551
"50","Brazil",2021,0,115485.64029,164.97798,115320.66231,0.540913817848365
"51","Brazil",2019,0,113219.91449,387.00631,112832.90818,0.529244958535807
"52","Canada",2021,124401,112604.52479,129016.76819,107988.7566,2.85013477790388
"53","Italy",2017,0,111533.56,4394.81,107138.75,1.80062099796642
"54","Italy",2015,0,112625.63,5524.67,107100.96,1.79998588259021
"55","Italy",2016,0,109387.96,4211.54,105176.42,1.76764121611401
"56","Brazil",2017,0,102975.83,138,102837.83,0.482362849209178
"57","Canada",2020,128833,94459.75628,120815.57167,102477.18461,2.70466849507773
"58","Brazil",2016,0,102363.44,49.2,102314.24,0.479906940092685
"59","Brazil",2018,0,102375.19,326.88,102048.31,0.478659590236215
"60","Spain",2021,2.8,115653.725145,14890.74341,100765.781735,2.12747617884891
"61","Spain",2020,0.607,112082.72876,11339.12371,100744.21205,2.12702077632801
"62","China",2019,0,278244.57801,181107.21659,97137.36142,0.0681699181152758
"63","Spain",2019,12.273,104528.45351,8685.34951,95855.377,2.02380240266869
"64","Canada",2015,142040,78478.96,127142.17,93376.79,2.46448283142865
"65","Canada",2019,123393,88040.80326,120169.46445,91264.33881,2.40872915120484
"66","Spain",2017,92.466,93672.68,9834.7,83930.446,1.77203036061143
"67","Spain",2018,3.421,93426.76,9522.89,83907.291,1.77154148720547
"68","Canada",2017,133446,81153.4,131458.05,83141.35,2.19434004592362
"69","Canada",2018,135517.3,82377.88,136364.44,81530.74,2.15183140225395
"70","Canada",2016,147618,87998,154514.94,81101.06,2.1404909076513
"71","Spain",2015,10.451,87800.25,10453.4,77357.301,1.63325101342792
"72","Spain",2016,12.097,87073.43,11374.3,75711.227,1.59849731863863
"73","Australia",2021,84045.234,19882.72665,30360.539255,73567.421395,2.86589097760031
"74","Australia",2016,56115.197,21230.99,4154.9,73191.287,2.85123829372809
"75","Australia",2018,61227,21615,11912.71,70929.29,2.76311998441761
"76","Benin",2016,0,69521.87,29.38,69492.49,5.49651902238393
"77","Sweden",2015,639,682588.58,614036.68,69190.8999999999,6.67286141382968
"78","Sweden",2021,400.61,721717.20166,656285.974201,65831.8374590001,6.34890900366478
"79","Australia",2019,56989.34,19895.564558,12275.63609,64609.268468,2.51691735364238
"80","Australia",2020,66918.495,20141.654504,26371.561297,60688.588207,2.36418341281652
"81","Sweden",2019,482,659706.28728,599912.83944,60275.44784,5.81304347960266
"82","Australia",2017,52580.2,22252.06,14735.91,60096.35,2.34111219322166
"83","Sweden",2017,423,564987.01,505912.12,59497.8899999999,5.73805477866717
"84","Benin",2015,0,59136.4,92.66,59043.74,4.67007355849086
"85","Sweden",2020,794.369,702155.46503,644117.24894,58832.5850899998,5.67389189796507
"86","Australia",2015,48330.56,20948.82,10506.85,58772.53,2.28954148811843
"87","Israel",2021,0,58615.94422,150.7484,58465.19582,6.67639554870389
"88","Sweden",2018,778,647227,590262.57,57742.4299999999,5.56875590703057
"89","Republic of Korea",2021,177.783,77369.514203,21497.675432,56049.621771,1.08109985092101
"90","Sweden",2016,401,638424.32,582839.19,55986.13,5.39937602468898
"91","Chile",2017,778378.46,3070.46,726519.26,54929.66,2.846096373057
"92","Benin",2017,0,53778.54,176.42,53602.12,4.23966780036384
"93","Ukraine",2021,0,57842.039651,4288.773112,53553.266539,1.21961435980414
"94","China",2016,0,237691.38,186201.74,51489.64,0.0361348557472999
"95","Chile",2019,907370,2129.610379,859702.165278,49797.445101,2.58017850264249
"96","Republic of Korea",2020,201,53154.503234,4389.660422,48965.842812,0.944466058674896
"97","China",2015,0,218227.6,169443.32,48784.28,0.0342362642375415
"98","Israel",2019,0,48221.12,17.2,48203.92,5.50461573598264
"99","Republic of Korea",2018,150,47231.32,920.58,46460.74,0.89614697656476
"100","Israel",2020,0,46436.79557,9.54511,46427.25046,5.3017300970652
"101","Republic of Korea",2019,191,47446.978357,1729.607346,45908.371011,0.885492738181117
"102","Thailand",2021,0,71993.807604,27192.13035,44801.677254,0.62680728152107
"103","Belgium",2019,0,62209.2481,18992.98153,43216.26657,3.73778468863518
"104","Belgium",2021,0,67384.913926,24388.97212,42995.941806,3.71872874987026
"105","Chile",2020,991871,1779.100522,950856.938091,42793.162431,2.21726230212435
"106","Belgium",2017,0,65222.25,22621.24,42601.01,3.68457100847604
"107","Israel",2017,0,41881.9,2.4,41879.5,4.78240264930912
"108","Poland",2015,25,193503.95,151874.4,41654.55,1.08396351618611
"109","Saudi Arabia",2018,0,43433.82,1804.96,41628.86,1.156453593355
"110","Belgium",2016,0,65878.03,24591.74,41286.29,3.57086057775471
"111","Belgium",2018,0,58634.02,17385.75,41248.27,3.56757221933921
"112","Thailand",2020,0,66853.497048,25861.49686,40992.000188,0.57350719385528
"113","Belgium",2015,0,60244.75,19403.87,40840.88,3.53233696592285
"114","Israel",2018,0,40876.96,66.72,40810.24,4.66029918922005
"115","Poland",2020,43,271634.97873,230925.31025,40752.66848,1.06049413136255
"116","China",2017,0,237774.14,197431.68,40342.46,0.0283118890050739
"117","Togo",2017,0,40172.63,1.13,40171.5,4.75796517825418
"118","Belgium",2020,0,60335.8292,20332.15813,40003.67107,3.45992657585193
"119","Taiwan Province of China",2020,0,40023.40143,591.29927,39432.10216,1.6553504118215
"120","Poland",2016,22,200816.78,162450.32,38388.46,0.998971062766732
"121","Togo",2020,0,38137.07469,0,38137.07469,4.51700517470094
"122","Republic of Korea",2015,0,38451.95,737.12,37714.83,0.727453563506606
"123","Finland",2017,592,54865.53,17900.11,37557.42,6.79280520889854
"124","Finland",2015,563,38669.14,1813.87,37418.27,6.767637909206
"125","Saudi Arabia",2017,0,39860.72,2614.43,37246.29,1.03470539211601
"126","Thailand",2019,0,63254.01003,26079.0162,37174.99383,0.520104564189378
"127","Finland",2020,491,64589.87691,28078.83003,37002.04688,6.692357909206
"128","China",2021,0,162435.41442,126102.40825,36333.00617,0.0254980989732829
"129","Ukraine",2020,0,38973.34362,2861.605416,36111.738204,0.822403511819631
"130","Viet Nam",2017,0,47493.98,11845.75,35648.23,0.368842202195574
"131","Saudi Arabia",2016,0,40798.31,5219.3,35579.01,0.988388199016584
"132","Republic of Korea",2017,199,37228.76,2595.06,34832.7,0.671862281801524
"133","Taiwan Province of China",2021,0,35271.10246,635.17696,34635.9255,1.45400803912514
"134","Finland",2019,552.414,58046.698157,24780.1006,33819.011557,6.11665971369144
"135","Thailand",2018,0,55952.78,22764.83,33187.95,0.464322989534949
"136","Republic of Korea",2016,0,34423.08,1481.53,32941.55,0.635385283055261
"137","Finland",2016,626,34511.05,2266.25,32870.8,5.94516187375656
"138","Togo",2015,0,32868.31,9.04,32859.27,3.89189506099728
"139","Finland",2018,517.611,58791.57,27026.44,32282.741,5.83880285765961
"140","Saudi Arabia",2015,0,37859.67,5710.89,32148.78,0.893096091340945
"141","Ukraine",2019,0,35310.750263,3306.711863,32004.0384,0.728855349578684
"142","Israel",2016,0,31991.3,2.4,31988.9,3.65295192417495
"143","Finland",2021,495,60992.40399,29898.071258,31589.332732,5.7133898954603
"144","Poland",2017,40,198983.37,168109.98,30913.39,0.804449620068699
"145","Israel",2015,0,30824.69,3.6,30821.09,3.51959461002626
"146","Poland",2021,90,288145.26132,257509.63239,30725.6289299999,0.799563571614446
"147","Taiwan Province of China",2019,0,31065.34268,556.95797,30508.38471,1.28073484362537
"148","Poland",2019,41,233877.0014,203421.935,30496.0664,0.793589736650359
"149","Taiwan Province of China",2015,0,30331.99,35.27,30296.72,1.27184920868142
"150","Saudi Arabia",2019,0,29878.87638,975.303,28903.57338,0.802943950329194
"151","Togo",2016,0,28574.31,9.04,28565.27,3.38330806585337
"152","Mexico",2021,0,28667.51592,117.98819,28549.52773,0.226587150034127
"153","Saudi Arabia",2020,0,28944.81464,453.52117,28491.29347,0.791490776175792
"154","Thailand",2017,0,57173.96,28967.8,28206.16,0.394624209524875
"155","Portugal",2021,0.12,30225.21228,2054.2945,28171.03778,2.73558339289182
"156","Norway",2015,1303701.8,1095.53,1276869.61,27927.7200000002,5.19102602230487
"157","Taiwan Province of China",2018,0,28216.06,717.4,27498.66,1.15438730531884
"158","Switzerland",2021,162,26773.87186,115.24506,26820.6268,3.10459854149786
"159","Mexico",2020,0,26647.248,488.90317,26158.34483,0.20760920673344
"160","Switzerland",2020,161.1,25247.39036,58.66726,25349.8231,2.93434692672763
"161","Ukraine",2018,0,27164.46,2204.52,24959.94,0.568434069687998
"162","Mexico",2019,0,25192.37914,260.25712,24932.12202,0.197877125192463
"163","Taiwan Province of China",2017,0,24915.05,675.57,24239.48,1.01756769237228
"164","Mexico",2017,0,24143.48,84.17,24059.31,0.190949935713265
"165","Portugal",2020,0.25,27080.74463,3062.77757,24018.21706,2.33231861138085
"166","Portugal",2015,0,26470.36,2609.86,23860.5,2.31700330161196
"167","Switzerland",2018,100,23826.7,76.51,23850.19,2.76075818960528
"168","Viet Nam",2019,0,44075.81979,20277.16876,23798.65103,0.246237943796625
"169","Thailand",2015,0,57496.24,33915.48,23580.76,0.329911578711735
"170","Switzerland",2019,161.1,23623.78487,287.38699,23497.49788,2.71993261720106
"171","Mexico",2015,0,23403.33,6.78,23396.55,0.185689852219876
"172","China, Hong Kong SAR",2016,0,24826.07,1633.67,23192.4,3.09190774563392
"173","Switzerland",2016,0,23313.69,160.66,23153.03,2.68005903461049
"174","Mexico",2016,0,23169.32,71.08,23098.24,0.183322274956745
"175","China, Hong Kong SAR",2015,0,26552.94,3604.65,22948.29,3.05936408478869
"176","Switzerland",2017,0,22905.52,99.79,22805.73,2.63985762241
"177","Poland",2018,51,219223.88,196700.47,22574.41,0.587446913708753
"178","Mexico",2018,0,22691.03,148.09,22542.94,0.178915062143844
"179","Viet Nam",2020,0,42974.26975,20847.74106,22126.52869,0.228936964583182
"180","Switzerland",2015,0,22416.57,370.39,22046.18,2.55193656673226
"181","Viet Nam",2021,0,40026.163756,18314.518124,21711.645632,0.224644286355782
"182","Ukraine",2017,0,23748.49,2384.72,21363.77,0.486535413345479
"183","Taiwan Province of China",2016,0,21648.57,378.4,21270.17,0.892916754124512
"184","Portugal",2019,0,23670.51512,2721.93546,20948.57966,2.03423768304525
"185","Chile",2021,938502,2090.380034,920318.260108,20274.1199260001,1.05047253502591
"186","Portugal",2018,0,22923.76,2841.91,20081.85,1.95007282967567
"187","Mali",2018,0,19568.8305,15.452,19553.3785,0.921286209008669
"188","Norway",2016,1233968.2,1890.48,1216463.79,19394.8899999999,3.60499814126392
"189","Denmark",2017,870,240007.99,221654.01,19223.98,3.29968760727772
"190","Togo",2018,0,19123.41169,0,19123.41169,2.2650019767855
"191","Saudi Arabia",2021,0,19431.576182,332.97956,19098.596622,0.530560786232186
"192","China, Hong Kong SAR",2019,0,20357.27529,1659.45639,18697.8189,2.49271015864551
"193","China, Hong Kong SAR",2021,0,23002.35149,4461.84235,18540.50914,2.47173832022397
"194","Portugal",2016,0,21910.57,3610.33,18300.24,1.77706739172655
"195","Ukraine",2016,0,18397.23,149.88,18247.35,0.41556251423366
"196","China, Hong Kong SAR",2017,0,19958.87,1749.36,18209.51,2.42761098520197
"197","China, Hong Kong SAR",2020,0,19252.20381,1094.87697,18157.32684,2.42065415811225
"198","Portugal",2017,0,22824.26,5130.59,17693.67,1.71816566323558
"199","Ireland",2016,16358,11390.59,10112.84,17635.75,3.56565911847958
"200","Thailand",2016,0,47486.91,30250.27,17236.64,0.24115283451788
"201","China, Hong Kong SAR",2018,0,20848.51,3652.57,17195.94,2.29248633515531
"202","Mali",2019,0,17062.13608,2.73024,17059.40584,0.803779016208066
"203","Viet Nam",2018,0,35236.14,18356.92,16879.22,0.17464453848462
"204","Philippines",2019,0,21687.32366,4938.22204,16749.10162,0.149290955780767
"205","Philippines",2018,0,20032.28,3436.82,16595.46,0.147921491028692
"206","Colombia",2021,0,16570.904611,2.84382,16568.060791,0.325304054328405
"207","Austria",2021,0,18392.54083,2079.5671,16312.97373,1.83127230916031
"208","Ukraine",2015,0,15998.03,156.01,15842.02,0.360783876110225
"209","Ireland",2015,13175,13165.21,10804.07,15536.14,3.14115244642135
"210","Ireland",2017,18394,12068.98,14941.6,15521.38,3.1381682167408
"211","United Arab Emirates",2016,0,15494.83,314.31,15180.52,1.63459890169053
"212","Austria",2018,0,16988.7,1986.69,15002.01,1.68410529860799
"213","Singapore",2020,0,15728.479468,862.764941,14865.714527,2.51534932774958
"214","United Arab Emirates",2017,0,15221.63,510.54,14711.09,1.58405190050608
"215","Austria",2016,0,16200.28,1550.78,14649.5,1.64453300404131
"216","Austria",2019,0,16719.33744,2124.90743,14594.43001,1.63835092164347
"217","Colombia",2020,0,14446.984096,26.40584,14420.578256,0.283139507490526
"218","Austria",2017,0,15786.81,1547.56,14239.25,1.59847889537494
"219","Greece",2019,0,21191.77365,7024.75681,14167.01684,1.34769947108067
"220","Philippines",2017,0,14761.01,705.99,14055.02,0.125277606938168
"221","Czechia",2019,0,25008.06714,11095.58899,13912.47815,1.32109753584655
"222","Czechia",2021,0,30411.445288,16503.8536,13907.591688,1.32063352843984
"223","Togo",2019,0,13873.66192,3.0058,13870.65612,1.64285871372735
"224","Ireland",2018,12053,12013.88,10371.5,13695.38,2.76898099474323
"225","Singapore",2021,0,15098.99414,1437.03038,13661.96376,2.31166899492386
"226","Austria",2015,0,15155.26,1722.94,13432.32,1.50789402784014
"227","Singapore",2019,0,14453.91806,1072.5267,13381.39136,2.26419481556684
"228","Faroe Islands",2021,115650,191.41242,102462.42,13378.99242,257.288315769231
"229","New Zealand",2018,16291,3328.29,6254.16,13365.13,2.64080814068366
"230","Austria",2020,0,15508.78636,2245.07286,13263.7135,1.48896649079479
"231","Czechia",2020,0,26931.92015,13724.29231,13207.62784,1.25416654068939
"232","Belarus",2016,0,21405.63,8258.51,13147.12,1.36465850114179
"233","Viet Nam",2016,0,24015.06,10951.95,13063.11,0.13516032240375
"234","Singapore",2018,0,13887.7,1013.65,12874.05,2.17835025380711
"235","Philippines",2021,0,14808.80117,2047.53006,12761.27111,0.113745943168347
"236","New Zealand",2020,15511,3473.37396,6313.53565,12670.83831,2.50362345583877
"237","Argentina",2021,0,12657.665475,0,12657.665475,0.28105660971223
"238","Philippines",2020,0,18858.660811,6644.234285,12214.426526,0.108871714540382
"239","Denmark",2016,1349,231353.81,220491.25,12211.56,2.09604531410917
"240","Togo",2021,0,12211.47239,0,12211.47239,1.44634281534999
"241","Mali",2016,0,12264.31,71.04,12193.27,0.574503863550697
"242","Viet Nam",2015,0,22333.27,10149.52,12183.75,0.126061831989984
"243","Faroe Islands",2020,88950,161.69885,76954.815,12156.88385,233.786227884616
"244","Singapore",2017,0,13158.65,1210.63,11948.02,2.02166159052453
"245","Argentina",2015,0,11795.9,35.36,11760.54,0.261136424193978
"246","Denmark",2015,532,234678.13,223467.88,11742.25,2.0154909028493
"247","Greece",2018,0,18912.59,7237.09,11675.5,1.11068302891933
"248","Norway",2017,1236739,1138.62,1226242.13,11635.4900000002,2.16273048327142
"249","Ireland",2020,12940,11607.68843,12914.991384,11632.697046,2.35194036514355
"250","United Arab Emirates",2015,0,11862.34,335.76,11526.58,1.2411521481641
"251","United Arab Emirates",2018,0,14337.83,2874.94,11462.89,1.23429417465274
"252","Ireland",2019,11403,11899.64623,12093.59267,11209.05356,2.26628660735948
"253","United Arab Emirates",2021,180,13197.907065,2292.437749,11085.469316,1.19365449725423
"254","Argentina",2017,0,11154.8,77.76,11077.04,0.245959676703082
"255","Singapore",2015,0,12313.63,1323.96,10989.67,1.85950423011844
"256","United Arab Emirates",2019,0,15169.57394,4210.42049,10959.15345,1.1800531334123
"257","Colombia",2019,0,11309.066485,432.487601,10876.578884,0.213555180224225
"258","New Zealand",2019,14209,3056.87989,6504.37116,10761.50873,2.12636015214385
"259","Romania",2021,0,11703.688751,1053.87112,10649.817631,0.547773769725337
"260","Greece",2017,0,16618.78,6076.53,10542.25,1.00287766362253
"261","Singapore",2016,0,12397.73,1874.24,10523.49,1.78062436548223
"262","United Arab Emirates",2020,300,12604.665985,2449.084387,10455.581598,1.12582982642403
"263","Denmark",2019,1508.53,244509.62354,235605.09738,10413.05616,1.78734228630278
"264","Benin",2018,0,10377.05,27.6,10349.45,0.818591315352369
"265","New Zealand",2015,12474,2124.86,4294.97,10303.89,2.03593953764078
"266","Netherlands (Kingdom of the)",2015,0,40773.86,30470.02,10303.84,0.590985947806137
"267","Kazakhstan",2021,0,10312.831375,11.51652,10301.314855,0.542774374571895
"268","Philippines",2016,0,10269.86,16.1,10253.76,0.0913955664892906
"269","Philippines",2015,0,10285.15,140.57,10144.58,0.0904224046492143
"270","Argentina",2018,0,10071.42,0,10071.42,0.223630428990141
"271","New Zealand",2021,16962,3065.58071,9958.63866,10068.94205,1.98951631100573
"272","Colombia",2018,0,10127.86,61.02,10066.84,0.197656437140445
"273","Argentina",2016,0,10110.95,112.16,9998.79,0.222017719158007
"274","Argentina",2020,0,9977.488175,0,9977.488175,0.221544723665512
"275","New Zealand",2017,14890,1591.79,6569.66,9912.13,1.95853191068959
"276","New Zealand",2016,12943,1703.86,4897.75,9749.11,1.92632088520055
"277","Colombia",2015,0,9804.38,83.62,9720.76,0.190861361449805
"278","Greece",2016,0,16055.36,6395.32,9660.04,0.918953576864536
"279","Faroe Islands",2019,95000,93.23596,85579.28,9513.95596000001,182.960691538462
"280","Faroe Islands",2018,78900,575.46,70190.74,9284.72000000002,178.552307692308
"281","Iceland",2021,46517,151.55222,37636.07308,9032.47914,24.6116597820164
"282","Czechia",2018,0,19900.9,10933.59,8967.31,0.851515525591112
"283","Türkiye",2015,0,9992.57712,1150.81,8841.76712,0.105090237356629
"284","Romania",2018,0,9186.93,535.81,8651.12,0.444970682028598
"285","Argentina",2019,0,8528.517655,0,8528.517655,0.189371117661426
"286","Colombia",2016,0,8539.43,58.76,8480.67,0.16651292925723
"287","Bangladesh",2015,0,9319.71,916.43,8403.28,0.0501925087055985
"288","Romania",2019,0,8992.598363,625.230552,8367.367811,0.430375877533176
"289","Romania",2020,0,8853.331252,550.310704,8303.020548,0.427066173644687
"290","Colombia",2017,0,8367.86,65.54,8302.32,0.163011132708959
"291","Netherlands (Kingdom of the)",2016,0,44474.34,36266.93,8207.41,0.470743332377402
"292","Kazakhstan",2020,0,8509.079841,328.723981,8180.35586,0.431021437378155
"293","Mali",2017,0,8213.23,67.2,8146.03,0.383812193742933
"294","Faroe Islands",2017,86800,56.12,78711.4,8144.72,156.629230769231
"295","Romania",2017,0,8599.71,522.19,8077.52,0.415467544491307
"296","Iraq",2018,0,8035.73,0,8035.73,0.188822755363395
"297","Iraq",2016,0,7832.43,0,7832.43,0.184045632915854
"298","Slovakia",2021,0,7658.04774,50.5162,7607.53154,1.39408677661719
"299","Kazakhstan",2019,0,7712.581563,532.299887,7180.281676,0.378327713578165
"300","Kazakhstan",2015,0,7171.86,45.2,7126.66,0.375502397386585
"301","Slovakia",2020,0,7043.83163,90.51059,6953.32104,1.27420213304013
"302","Romania",2016,0,7419.16,653.4,6765.76,0.347997119637897
"303","Türkiye",2021,0,7264.44018,521.86558,6742.5746,0.0801399488916622
"304","Malaysia",2019,0,7134.892105,505.376854,6629.515251,0.199684194307229
"305","Latvia",2020,15,13881.99194,7405.358431,6491.633509,3.42205245598313
"306","Malaysia",2015,0,6618.24,142.85,6475.39,0.195041867469879
"307","Iceland",2020,34420,190.14693,28139.34936,6470.79757000001,17.6316010081744
"308","Ireland",2021,12928.1,9990.07863,16449.37399,6468.80464,1.30788609785685
"309","Lithuania",2018,3,50903.86,44660.83,6246.03,2.21490425531915
"310","Kazakhstan",2018,0,6395.66,163.85,6231.81,0.328352916381263
"311","Latvia",2021,10.32,15892.51449,9724.84602,6177.98847,3.25671506062204
"312","Türkiye",2017,0,6472.87904,296.5,6176.37904,0.073410340999584
"313","Türkiye",2019,0,6740.97507,579.97906,6160.99601,0.0732275035359838
"314","Malaysia",2016,0,6891.12,734.41,6156.71,0.185443072289157
"315","Greece",2015,3.5,13545.53,7417.39,6131.64,0.583299086757991
"316","Malaysia",2017,0,6451.04,342.41,6108.63,0.183994879518072
"317","Faroe Islands",2016,83300,123.84,77319.04,6104.8,117.4
"318","Malaysia",2020,0,6643.272458,611.010014,6032.262444,0.181694651927711
"319","Romania",2015,0,6697.33,824.77,5872.56,0.302055344100401
"320","Malaysia",2021,0,6104.533992,426.224941,5678.309051,0.171033405150602
"321","Lithuania",2017,0,49724.48,44076.97,5647.51,2.00266312056738
"322","Türkiye",2016,0,5723.2432,219.15,5504.0932,0.0654197801152909
"323","Türkiye",2018,0,5725.058,271.19,5453.868,0.0648228204671064
"324","Kazakhstan",2017,0,5910.09,468.09,5442,0.286737973549713
"325","Czechia",2015,0,15359.43,9931.63,5427.8,0.51541164181939
"326","South Africa",2019,0,5989.170829,572.17709,5416.993739,0.0921226104384204
"327","Estonia",2021,10.837,10373.21752,4992.38928,5391.66524,4.05693396538751
"328","Indonesia",2021,0,5869.26225,598.813653,5270.448597,0.0193867702881651
"329","Kazakhstan",2016,0,5686.72,491.55,5195.17,0.273732546498762
"330","Belarus",2019,0,11970.92566,6801.85236,5169.0733,0.536544872327175
"331","Estonia",2020,12.493,10702.55008,5562.01116,5153.03192,3.87737541008277
"332","Slovakia",2019,0,5249.46848,188.9865,5060.48198,0.927337727689206
"333","Malaysia",2018,0,5349.89,303.34,5046.55,0.152004518072289
"334","Denmark",2021,1710.6,273226.29165,269936.61853,5000.27311999997,0.858268644009607
"335","Democratic Republic of the Congo",2021,0,4910.083636,1.4976,4908.586036,0.0528640543224236
"336","Belarus",2021,0,11873.02024,7042.38118,4830.63906,0.501415721403363
"337","Greece",2020,0,12254.55772,7529.15323,4725.40449,0.449524780251142
"338","South Africa",2018,0,5327.95,680.54,4647.41,0.0790348967722186
"339","Lithuania",2020,1.138,51495.09998,46888.2824,4607.95557999999,1.63402680141844
"340","South Africa",2017,0,5251.91,685.95,4565.96,0.0776497398047685
"341","Czechia",2017,0,17959.02,13445.54,4513.48,0.428589877504511
"342","Lithuania",2021,1.682,52719.56363,48244.21783,4477.0278,1.5875985106383
"343","Iraq",2019,0,4420.65248,0,4420.65248,0.103876036374744
"344","South Africa",2016,0,5250.47,857.97,4392.5,0.0746998401414918
"345","Türkiye",2020,0,4731.78181,368.56465,4363.21716,0.0518597154573008
"346","Greece",2021,0,12591.50013,8257.10722,4334.39291,0.412328092656012
"347","Indonesia",2019,0,5197.9227,921.20735,4276.71535,0.0157314309308536
"348","Côte d'Ivoire",2015,0,4216.2,1.13,4215.07,0.157208339549455
"349","Belarus",2018,0,13263.68,9084.72,4178.96,0.433772057297073
"350","South Africa",2015,0,5022.61,851.55,4171.06,0.0709339818373525
"351","South Africa",2021,0,4474.688814,377.324141,4097.364673,0.0696807025781436
"352","Niger",2015,0,4089.92,0,4089.92,0.168074299334265
"353","Czechia",2016,0,16254.17,12224.58,4029.59,0.382640774855189
"354","Slovakia",2018,0,4478.37,573.66,3904.71,0.715541506322155
"355","Lithuania",2019,3.473,53306.86404,49416.97744,3893.3596,1.38062397163121
"356","Latvia",2019,12,13256.48323,9418.247643,3850.235587,2.02964448444913
"357","Iraq",2017,0,3792.65,0,3792.65,0.0891192988227553
"358","Iceland",2019,27012,346.43558,23691.48365,3666.95193000001,9.99169463215261
"359","Slovakia",2015,0,3788.49,125.04,3663.45,0.671330401319406
"360","Nepal",2019,0,3636.69444,0,3636.69444,0.123912039251763
"361","Republic of Moldova",2021,0,3586.15922,0.004,3586.15522,1.1624490178282
"362","Côte d'Ivoire",2016,0,3578.37,0,3578.37,0.133461509771744
"363","Nepal",2020,0,3567.51339,0,3567.51339,0.121554853316978
"364","Estonia",2019,13,9902.68284,6359.64893,3556.03391,2.67572152746426
"365","Netherlands (Kingdom of the)",2017,0,54903.78,51360.56,3543.22,0.20322454832234
"366","Luxembourg",2018,0,3883.4,393.25,3490.15,5.53992063492063
"367","Bangladesh",2019,0,4855.053488,1369.70621,3485.347278,0.0208178620244772
"368","Republic of Moldova",2019,0,3482.52088,0,3482.52088,1.12885603889789
"369","Luxembourg",2021,0,3721.32564,281.31327,3440.01237,5.4603370952381
"370","Luxembourg",2016,0,3721.26,299.15,3422.11,5.43192063492063
"371","Luxembourg",2017,0,3706.54,313.88,3392.66,5.3851746031746
"372","Slovakia",2017,0,3411.29,71.99,3339.3,0.61192963166575
"373","South Africa",2020,0,3944.899159,612.103887,3332.795272,0.0566782638685759
"374","Faroe Islands",2015,80600,300.99,77585.76,3315.23000000001,63.7544230769233
"375","Qatar",2017,0,3293.54,0,3293.54,1.1933115942029
"376","Luxembourg",2019,0,3718.56802,428.65044,3289.91758,5.2220913968254
"377","Slovakia",2016,0,3363.82,85.46,3278.36,0.600762323621037
"378","Luxembourg",2015,0,3544.85,302.84,3242.01,5.14604761904762
"379","Luxembourg",2020,0,3505.69656,264.06477,3241.63179,5.14544728571429
"380","Denmark",2018,1072,232143.66,230006.62,3209.03999999998,0.550813594232746
"381","Lebanon",2019,0,3251.94093,95.93677,3156.00416,0.557302518099947
"382","Republic of Moldova",2020,0,3136.62469,0,3136.62469,1.01673409724473
"383","Latvia",2015,5,14343.76,11228.53,3120.23,1.64482340537691
"384","Lebanon",2018,0,3139.58,83.42,3056.16,0.539671552180823
"385","Republic of Moldova",2018,0,3022.19,0,3022.19,0.979640194489465
"386","Latvia",2017,5,13042.7,10045.55,3002.15,1.58257775434897
"387","Lebanon",2017,0,3005.36,67.79,2937.57,0.518730354935546
"388","Georgia",2020,0,3012.49526,78.229109,2934.266151,0.779146614710568
"389","Georgia",2017,0,3119.65,194.36,2925.29,0.776763143919278
"390","Qatar",2018,0,2924.18,0,2924.18,1.05948550724638
"391","Republic of Moldova",2017,0,2881.27,0,2881.27,0.933961102106969
"392","Hungary",2021,0,3101.44127,235.48029,2865.96098,0.29391457081325
"393","Hungary",2020,0,2823.93915,32.22587,2791.71328,0.286300203056097
"394","Niger",2018,0,2771.71581,0,2771.71581,0.113903008547711
"395","Kuwait",2021,0,2743.87952,0,2743.87952,0.629330165137615
"396","Georgia",2016,0,3593.67,850.11,2743.56,0.728507700477961
"397","Egypt",2019,0,2822.306895,88.970531,2733.336364,0.0254346658353883
"398","Lebanon",2015,0,2806.56,81.69,2724.87,0.481170757549002
"399","Niger",2016,0,2691.77,0,2691.77,0.110617654310841
"400","Georgia",2019,0,2790.659841,101.772173,2688.887668,0.713990352628784
"401","Azerbaijan",2016,0,2685.09,0,2685.09,0.261068546426835
"402","Republic of Moldova",2015,0,2664.24,0,2664.24,0.863611021069692
"403","Qatar",2015,0,2658.07,22.11,2635.96,0.955057971014493
"404","Dominican Republic",2016,0,2607.28,24.71,2582.57,0.234779090909091
"405","Dominican Republic",2021,0,2596.400182,20.218558,2576.181624,0.234198329454545
"406","Republic of Moldova",2016,0,2558.11,0,2558.11,0.82920907617504
"407","Democratic Republic of the Congo",2020,0,2535.25183,0,2535.25183,0.0273039301907316
"408","Qatar",2019,0,2523.853101,0,2523.853101,0.914439529347826
"409","Iceland",2018,13517,326.76,11330.56,2513.2,6.84795640326976
"410","Cyprus",2021,0,2506.25556,0,2506.25556,2.02443906300485
"411","Lebanon",2016,0,2544.86,44.18,2500.68,0.441582200247219
"412","Indonesia",2020,0,3559.00005,1070.352183,2488.647867,0.00915421972868188
"413","Cyprus",2019,0,2478.88495,0.00565,2478.8793,2.00232576736672
"414","Lithuania",2016,1,50103.45,47627.1,2477.35,0.878492907801418
"415","Georgia",2015,0,2877.32,403.41,2473.91,0.656906532129581
"416","Hungary",2018,0,3274.26,813.38,2460.88,0.252372064403651
"417","Hungary",2017,0,3357.56,901.49,2456.07,0.251878781663419
"418","Niger",2019,0,2439.499117,0,2439.499117,0.100250641776938
"419","Iceland",2016,8525,284.04,6381.5,2427.54,6.61455040871935
"420","Hungary",2019,0,2660.1505,243.93782,2416.21268,0.247791270638909
"421","Dominican Republic",2019,0,2472.413937,65.427513,2406.986424,0.218816947636364
"422","Myanmar",2015,0,2405.21,0,2405.21,0.04502199427213
"423","Dominican Republic",2018,0,2417.313476,22.4782,2394.835276,0.217712297818182
"424","Dominican Republic",2020,0,2443.111455,72.481372,2370.630083,0.215511825727273
"425","Belarus",2020,0,11308.95794,8948.44004,2360.5179,0.245019503840565
"426","Iraq",2015,0,2356.84,0,2356.84,0.0553807834198839
"427","Azerbaijan",2017,0,2327.09,0,2327.09,0.226260573650948
"428","Democratic Republic of the Congo",2016,0,2289.9617,0,2289.9617,0.0246622263147125
"429","Belarus",2015,0,23801.58,21518.69,2282.89,0.236961801951422
"430","Dominican Republic",2017,0,2298.834582,38.838521,2259.996061,0.205454187363636
"431","Iceland",2015,3461,603.69,1839.59,2225.1,6.06294277929155
"432","Qatar",2016,0,2217.45,0,2217.45,0.803423913043478
"433","Cyprus",2015,0,2212.82,5.39,2207.43,1.78306138933764
"434","Latvia",2018,9,13629.62,11505.06,2133.56,1.12470216130733
"435","Hungary",2015,0,3013.55,882.28,2131.27,0.218569377499744
"436","Estonia",2018,12,7586.07,5479.98,2118.09,1.59374717832957
"437","Hungary",2016,0,3039.15,929.12,2110.03,0.216391139370321
"438","Nepal",2018,0,2109.0304,0,2109.0304,0.0718603836587277
"439","Niger",2017,0,2144.71211,78.14628,2066.56583,0.0849250361633928
"440","Nigeria",2016,0,2059.24,0,2059.24,0.0098846524934358
"441","Cyprus",2020,0,2025.42875,0,2025.42875,1.63604907108239
"442","Cyprus",2016,0,1989.42,0,1989.42,1.60696284329564
"443","Egypt",2021,0,2074.885833,115.757183,1959.12865,0.0182303880333132
"444","Kuwait",2018,0,1922.58,0,1922.58,0.44095871559633
"445","Latvia",2016,6,14202.96,12294.6,1914.36,1.00915129151292
"446","Georgia",2018,0,1976.4,62.15,1914.25,0.508297928836962
"447","Costa Rica",2021,0,1919.929043,5.81748,1914.111563,0.373630990240094
"448","Kuwait",2017,0,1895.63,0,1895.63,0.43477752293578
"449","Bulgaria",2015,0,2897.33,1010.42,1886.91,0.270369680469981
"450","Iraq",2020,0,1879.487,0,1879.487,0.0441639918227319
"451","Kuwait",2019,0,1871.657597,0,1871.657597,0.429279265366972
"452","Slovenia",2021,0,2094.83749,226.41568,1868.42181,0.882163271954674
"453","Peru",2021,0,1894.19421,50.785965,1843.408245,0.0553492942501126
"454","Lebanon",2020,0,1924.11469,80.77631,1843.33838,0.325505629524987
"455","Bulgaria",2016,0,2371.85,528.9,1842.95,0.264070783779911
"456","Kuwait",2016,0,1840.1,0,1840.1,0.42204128440367
"457","Cyprus",2017,0,1840.4,6,1834.4,1.48174474959612
"458","Nigeria",2015,0,1824.62,0,1824.62,0.0087584422566446
"459","Qatar",2021,0,1816.035284,0,1816.035284,0.657983798550725
"460","Georgia",2021,0,1876.622363,74.851853,1801.77051,0.478430831120552
"461","Estonia",2017,14,9432.21,7645.67,1800.54,1.35480812641084
"462","Cyprus",2018,0,1789.06,0,1789.06,1.4451211631664
"463","Niger",2020,0,1781.82664,0,1781.82664,0.0732237461987343
"464","Qatar",2020,0,1769.236094,0,1769.236094,0.641027570289855
"465","Kuwait",2020,0,1761.632978,0,1761.632978,0.404044261009174
"466","Mali",2015,0,1745.51,1.13,1744.38,0.0821890312853373
"467","Dominican Republic",2015,0,1760.33,29.3,1731.03,0.157366363636364
"468","Costa Rica",2019,0,1731.11096,19.5964,1711.51456,0.334084434901425
"469","Costa Rica",2015,0,1742.25,48,1694.25,0.330714425141519
"470","Côte d'Ivoire",2017,0,1675.77,0,1675.77,0.0625007459346561
"471","Costa Rica",2020,0,1671.73118,6.882,1664.84918,0.324975440171774
"472","Nigeria",2019,0,1657.176096,0,1657.176096,0.00795468708328733
"473","Slovenia",2019,0,1869.61353,228.68555,1640.92798,0.774753531633617
"474","Egypt",2020,0,1767.373228,139.372828,1628.0004,0.0151491220397339
"475","China, Macao SAR",2015,0,1596.39,3.39,1593,2.35650887573964
"476","Bhutan",2017,0,1582,0,1582,2.04657179818887
"477","Bhutan",2016,0,1582,0,1582,2.04657179818887
"478","Bhutan",2019,0,1572.1498,0,1572.1498,2.03382897800776
"479","Lithuania",2015,0,51630.95,50067.61,1563.34,0.554375886524824
"480","Bhutan",2015,0,1559.4,0,1559.4,2.01733505821475
"481","Egypt",2018,0,2665.61,1121.62,1543.99,0.0143673754245568
"482","Azerbaijan",2015,0,1536.06,0,1536.06,0.149349538162372
"483","Croatia",2019,0,2309.83459,778.05267,1531.78192,0.373878916280205
"484","Malta",2018,0,1528.85,0,1528.85,2.96864077669903
"485","Slovenia",2020,0,1654.66426,130.632,1524.03226,0.719561973559962
"486","China, Macao SAR",2019,0,1519.73537,0,1519.73537,2.24812924556213
"487","China, Macao SAR",2017,0,1500.31,9.04,1491.27,2.20602071005917
"488","Bhutan",2018,0,1490.47,0,1490.47,1.92816300129366
"489","Croatia",2021,0,2560.865244,1095.60707,1465.258174,0.357641731510862
"490","Slovenia",2018,0,1678.4,223.56,1454.84,0.686893295561851
"491","Azerbaijan",2019,0,1453.744419,0,1453.744419,0.14134607865824
"492","China, Macao SAR",2018,0,1449.99,0,1449.99,2.14495562130178
"493","China, Macao SAR",2016,0,1446.62,0,1446.62,2.13997041420118
"494","Slovenia",2015,0,1742.24,296.15,1446.09,0.682762039660057
"495","Bahamas",2018,0,1444.67679,0,1444.67679,3.55831721674877
"496","Bhutan",2021,0,1436.6368,0,1436.6368,1.85852108667529
"497","Democratic Republic of the Congo",2015,0,1436.58525,0,1436.58525,0.0154716083486802
"498","Bhutan",2020,0,1435.1,0,1435.1,1.85653298835705
"499","Norway",2018,1282294.2,1268.79,1282144.56,1418.43000000017,0.26364869888479
"500","Uruguay",2018,0,1414.14,0,1414.14,0.412405949256343
"501","China, Macao SAR",2021,0,1410.62027,0,1410.62027,2.08671637573964
"502","Lebanon",2021,0,1442.92227,41.78195,1401.14032,0.24742015186297
"503","Croatia",2020,0,1951.738155,554.292809,1397.445346,0.341089906272883
"504","Uruguay",2021,0,1388.80048,0,1388.80048,0.405016179644211
"505","Costa Rica",2017,0,1384.64,12,1372.64,0.267936755807144
"506","Uruguay",2017,0,1351.59,5.65,1345.94,0.392516768737241
"507","Uruguay",2020,0,1343.24323,0,1343.24323,0.391730309128026
"508","Slovenia",2017,0,1609.74,267.51,1342.23,0.633725212464589
"509","Kuwait",2015,0,1371.88,29.73,1342.15,0.307832568807339
"510","Uruguay",2019,0,1361.2275,21.059328,1340.168172,0.390833529308836
"511","Nepal",2016,0,1302.03,0,1302.03,0.0443636921189819
"512","Costa Rica",2016,0,1317.24,15.6,1301.64,0.254077688854187
"513","Bulgaria",2017,0,2069.03,768.77,1300.26,0.18631035965038
"514","Peru",2019,0,1396.352644,106.206544,1290.1461,0.0387373097132563
"515","Costa Rica",2018,0,1287.33,9.6,1277.73,0.249410501659184
"516","Bulgaria",2021,0.96,3610.80956,2355.60001,1256.16955,0.179992771170655
"517","Nepal",2015,0,1248.65,0,1248.65,0.0425448907969607
"518","Yemen",2019,0,1208.1816,3.333161,1204.848439,0.0373202960909429
"519","Yemen",2020,0,1200.3164,11.9215,1188.3949,0.036810646140503
"520","Slovenia",2016,0,1455.83,274.74,1181.09,0.557644003777148
"521","Venezuela (Bolivarian Republic of)",2015,0,1156.9,0,1156.9,0.0406072306072306
"522","Côte d'Ivoire",2021,0,1156.01066,0.75575,1155.25491,0.0430872337013278
"523","United Republic of Tanzania",2016,0,1147.77,0,1147.77,0.0186009237501013
"524","Uruguay",2016,0,1137.36,0,1137.36,0.331688538932633
"525","Peru",2020,0,1227.245729,94.268368,1132.977361,0.0340182363308813
"526","China, Macao SAR",2020,0,1131.23578,0,1131.23578,1.67342571005917
"527","Croatia",2018,0,1715.97,587.27,1128.7,0.27549426409568
"528","Serbia",2021,0,2759.21692,1634.80923,1124.40769,0.152814309594999
"529","Bulgaria",2018,0,2125.24,1012.46,1112.78,0.159446912165067
"530","Sri Lanka",2021,0,1092.798588,9.209402,1083.589186,0.0499004921022335
"531","Uruguay",2015,0,1081.21,0,1081.21,0.315313502478857
"532","Kyrgyzstan",2017,0,1082.15,9.04,1073.11,0.167021011673152
"533","Malta",2015,0,1067.06,0,1067.06,2.07196116504854
"534","Estonia",2015,9,18197.76,17142.61,1064.15,0.800714823175318
"535","United Republic of Tanzania",2019,0,1070.58749,8.02752,1062.55997,0.0172199978932015
"536","Serbia",2017,0,2271.58,1223.87,1047.71,0.142390595270454
"537","Indonesia",2016,0,4526,3486.07,1039.93,0.00382526907429614
"538","Tajikistan",2020,0,1028.89673,0,1028.89673,0.107816905585246
"539","Peru",2018,0,1047.03,20,1027.03,0.0308371115448131
"540","Egypt",2015,0,1578.28,551.88,1026.4,0.00955101661005909
"541","Ghana",2016,0,1027.64,3.84,1023.8,0.0318147917961467
"542","Azerbaijan",2020,0,1022.639748,0,1022.639748,0.0994302137092853
"543","Yemen",2021,0,1209.04,195.30468,1013.73532,0.0314005488787015
"544","Croatia",2015,0,1226.16,221.75,1004.41,0.245157432267513
"545","Iceland",2017,11351,155.9,10506.35,1000.55,2.72629427792915
"546","Malta",2016,0,1001.47,1.13,1000.34,1.94240776699029
"547","Ghana",2020,0,993.800485,5.92072,987.879765,0.030698563238036
"548","Azerbaijan",2018,0,982.45,0,982.45,0.0955226057365095
"549","Ghana",2017,0,966.51,1.13,965.38,0.0299993784959602
"550","Malta",2017,0,964.54,0,964.54,1.8728932038835
"551","Croatia",2017,0,1429.09,466.28,962.81,0.235003661215524
"552","Serbia",2015,0,1195.67,233.62,962.05,0.130748844794781
"553","Bahrain",2019,0,975.885485,17.260778,958.624707,0.649035008124577
"554","Malta",2021,0,954.49195,0,954.49195,1.85338242718447
"555","Ghana",2019,0,976.715498,22.783738,953.93176,0.0296436221255438
"556","Croatia",2016,0,1371.71,419.15,952.56,0.232501830607762
"557","Malta",2019,0,903.8247,0.0576,903.7671,1.75488757281553
"558","Trinidad and Tobago",2017,0,901.69814,6.32356,895.37458,0.589838326745718
"559","Trinidad and Tobago",2019,0,896.74166,4.43422,892.30744,0.587817812911726
"560","Afghanistan",2020,0,890.77281,0.0412,890.73161,0.0228556812583393
"561","Trinidad and Tobago",2018,0,893.67504,4.78587,888.88917,0.585565988142293
"562","Ecuador",2017,0,884.27,0,884.27,0.0502740349081812
"563","Kyrgyzstan",2019,0,864.14099,0,864.14099,0.134496652140078
"564","Azerbaijan",2021,0,857.547366,0,857.547366,0.0833784507535245
"565","Trinidad and Tobago",2016,0,887.97634,32.05269,855.92365,0.563849571805006
"566","Bahrain",2018,0,884.19,36.16,848.03,0.574157075152336
"567","Serbia",2020,0,2349.12827,1504.09685,845.03142,0.114845259581408
"568","Bangladesh",2020,0,2036.143616,1217.75693,818.386686,0.00488819614026914
"569","Serbia",2019,0,2220.68852,1408.12626,812.56226,0.110432489807013
"570","Serbia",2018,0,2117.94,1306.73,811.21,0.110248708888285
"571","Bahrain",2021,0,803.369275,1.053983,802.315292,0.543206020311442
"572","Mauritius",2019,0,799.16294,0,799.16294,0.615687935285054
"573","United Republic of Tanzania",2015,0,792.54,0,792.54,0.0128440158820193
"574","Oman",2019,0,823.78136,31.94284,791.83852,0.174298595641646
"575","Peru",2017,0,1022.11,230.61,791.5,0.0237652004203573
"576","Trinidad and Tobago",2020,0,804.15521,13.53894,790.61627,0.520827582345191
"577","Trinidad and Tobago",2021,0,802.41115,13.60056,788.81059,0.519638069828722
"578","Malta",2020,0,786.966803,1.1712,785.795603,1.52581670485437
"579","Jamaica",2018,0,786.450352,0.701052,785.7493,0.278634503546099
"580","Serbia",2016,0,2049.38,1269.37,780.01,0.106008426202772
"581","Bulgaria",2019,41.478,2603.68034,1870.96693,774.19141,0.110931567559822
"582","Oman",2016,0,763.97,1.13,762.84,0.167915474356152
"583","Venezuela (Bolivarian Republic of)",2021,0,772.196355,10.396,761.800355,0.0267392191997192
"584","Ecuador",2018,0,792.64,33.53,759.11,0.0431582238899312
"585","Bahamas",2019,0,758.88773,0,758.88773,1.86918160098522
"586","Jamaica",2019,0,748.041871,1.086336,746.955535,0.26487784929078
"587","Peru",2015,0,1004.22,275.72,728.5,0.0218735925536706
"588","Brunei Darussalam",2019,0,760.22271,33.049672,727.173038,1.64518786877828
"589","Peru",2016,0,805.85,80.23,725.62,0.0217871190511935
"590","Bahrain",2020,0,733.575743,11.638344,721.937399,0.488786322951929
"591","Bahrain",2017,0,719.66,1.13,718.53,0.486479350033852
"592","Nigeria",2020,0,707.0606,0,707.0606,0.00339399405741934
"593","Nigeria",2018,0,703.76,0,703.76,0.00337815069578115
"594","Afghanistan",2021,0,702.70906,0,702.70906,0.0180311264497588
"595","Democratic Republic of the Congo",2017,0,689.82804,3.0749,686.75314,0.00739613302747353
"596","Brunei Darussalam",2021,0,696.74997,17.476737,679.273233,1.53681726923077
"597","Oman",2017,0,787.62,108.55,679.07,0.149476117103236
"598","Jordan",2019,0,676.31927,4.416,671.90327,0.0614789340287309
"599","Cuba",2017,0,664.97,0,664.97,0.0588416954251836
"600","Kyrgyzstan",2018,0,654.27,0,654.27,0.101831906614786
"601","Nepal",2017,0,647.6,0,647.6,0.0220654877508603
"602","Bahrain",2016,0,677.28,32.77,644.51,0.436364251861882
"603","Cuba",2016,0,649.81,18,631.81,0.055907441819308
"604","Brunei Darussalam",2020,0,635.00505,10.385854,624.619196,1.41316560180995
"605","Brunei Darussalam",2018,0,642.17,29.45,612.72,1.3862443438914
"606","Jordan",2021,0,607.305693,0,607.305693,0.0555682764205325
"607","Niger",2021,0,607.094768,0,607.094768,0.0249484165365332
"608","Mauritius",2020,0,604.98496,0,604.98496,0.466090107858243
"609","Jordan",2017,0,592.48,1.13,591.35,0.0541083356208253
"610","Bulgaria",2020,30.996,2511.10449,1958.28713,583.81336,0.0836528671729474
"611","Brunei Darussalam",2016,0,584.72,19.21,565.51,1.27943438914027
"612","Bahamas",2020,0,565.280727,1.017,564.263727,1.38981213546798
"613","Oman",2018,0,565.21947,2.21021,563.00926,0.123928958837772
"614","Angola",2016,0,561.43,0,561.43,0.0167952016273782
"615","Brunei Darussalam",2017,0,644.81,90.4,554.41,1.25432126696833
"616","Algeria",2016,0,595.21,56.5,538.71,0.0123978182822425
"617","Maldives",2019,0,533.841547,0,533.841547,1.03860223151751
"618","Jordan",2018,0,532.28,0,532.28,0.0487034495379266
"619","Jordan",2015,0,530.18,0,530.18,0.0485113002104493
"620","Aruba",2017,0,561.83,32,529.83,4.95168224299065
"621","Kyrgyzstan",2015,0,523.19,0,523.19,0.0814303501945525
"622","El Salvador",2021,0,516.925117,0,516.925117,0.0821428757349436
"623","Palestine",2021,0,515.149284,0,515.149284,0.10263982546324
"624","Bahamas",2017,0,514.50808,0,514.50808,1.26726128078818
"625","Rwanda",2015,0,504.33,0,504.33,0.0383637608397992
"626","Bangladesh",2018,0,730.28,231.74,498.54,0.00297776264626301
"627","Paraguay",2021,0,495.09976,0,495.09976,0.074799782444478
"628","Ghana",2021,0,494.084654,0.127244,493.95741,0.0153498262896209
"629","United Republic of Tanzania",2017,0,495.08,1.13,493.95,0.00800502390405964
"630","Nigeria",2021,0,491.770254,0,491.770254,0.00236056898049701
"631","Angola",2017,0,489.94,0,489.94,0.014656575326074
"632","Jamaica",2021,0,486.365592,0,486.365592,0.172470068085106
"633","Uzbekistan",2021,0,484.83344,0,484.83344,0.0144609848778596
"634","Bahamas",2016,0,484.798191,0,484.798191,1.19408421428571
"635","Angola",2018,0,481.86266,0,481.86266,0.0144149413665191
"636","Aruba",2016,0,476.12,0,476.12,4.44971962616822
"637","Jordan",2016,0,491.46,22.6,468.86,0.0429005398481105
"638","Bahrain",2015,0,464.79,5.65,459.14,0.310859851049424
"639","Jordan",2020,0,461.854058,4.3008,457.553258,0.041865976576082
"640","Aruba",2015,0,456.25,0,456.25,4.26401869158879
"641","Iraq",2021,0,456.15446,0,456.15446,0.0107186704889912
"642","Nigeria",2017,0,454.77,0,454.77,0.00218296236205581
"643","Brunei Darussalam",2015,0,489.27,42.94,446.33,1.0097963800905
"644","Palestine",2020,0,442.71,0,442.71,0.0882068141063957
"645","Venezuela (Bolivarian Republic of)",2020,0,462.331531,21.456,440.875531,0.0154747466128466
"646","Trinidad and Tobago",2015,0,440.43,0,440.43,0.290138339920949
"647","Kyrgyzstan",2021,0,647.53458,212.40384,435.13074,0.0677246287937743
"648","Cuba",2019,0,434.43405,0.0768,434.35725,0.0384352933368728
"649","Jamaica",2020,0,433.619428,0.066515,433.552913,0.153742167730496
"650","Venezuela (Bolivarian Republic of)",2016,0,429.22,0,429.22,0.0150656370656371
"651","Bahamas",2015,0,427.32,0,427.32,1.05251231527094
"652","Aruba",2019,0,423.497789,0,423.497789,3.95792326168224
"653","Mauritius",2018,0,436.3,13.2,423.1,0.325963020030817
"654","Myanmar",2017,0,419.51,0,419.51,0.00785261029893491
"655","Aruba",2018,0,415.36,0,415.36,3.8818691588785
"656","Kyrgyzstan",2020,0,453.24592,40.68,412.56592,0.0642125945525292
"657","North Macedonia",2021,0,483.37651,71.85059,411.52592,0.194943590715301
"658","Bahamas",2021,0,408.38919,0,408.38919,1.0058847044335
"659","Rwanda",2016,0,401.29,0,401.29,0.0305256351741975
"660","Algeria",2017,0,393.92,0,393.92,0.00906563564392893
"661","Albania",2021,0,435.08041,46.44748,388.63293,0.135553864666899
"662","French Polynesia",2021,0,388.512403,0,388.512403,1.28646491059603
"663","Mauritius",2017,0,392.57,4.8,387.77,0.298744221879815
"664","Venezuela (Bolivarian Republic of)",2017,0,385.11,0,385.11,0.0135173745173745
"665","Maldives",2021,0,381.433861,0.004893,381.428968,0.742079704280156
"666","Algeria",2021,0,379.42468,0,379.42468,0.00873204179324312
"667","Oman",2020,0,453.34286,75.33992,378.00294,0.0832055778120185
"668","North Macedonia",2019,0,440.98944,63.73632,377.25312,0.178708252013264
"669","Mauritius",2016,0,364.86,0,364.86,0.281093990755008
"670","Rwanda",2017,0,485.88557,122.4468,363.43877,0.0276463388102845
"671","Maldives",2020,0,362.223162,0,362.223162,0.704714322957198
"672","Algeria",2015,0,432.89,71.19,361.7,0.008324127773175
"673","Ghana",2015,0,360.67,0,360.67,0.0112078931013052
"674","Cayman Islands",2019,0,360.05,0,360.05,5.37388059701492
"675","Bermuda",2019,0,360.663652,1.33023,359.333422,5.61458471875
"676","North Macedonia",2015,0,360.64,1.92,358.72,0.169928943628612
"677","Bermuda",2016,0,356.8,0,356.8,5.575
"678","Paraguay",2020,0,356.46262,0,356.46262,0.0538544523341895
"679","Ecuador",2019,0,872.9314,516.73,356.2014,0.0202513730172267
"680","Mauritius",2021,0,354.02947,0,354.02947,0.272749976887519
"681","Curaçao",2018,0,353.79,0,353.79,1.87190476190476
"682","Bermuda",2018,0,353.16,0,353.16,5.518125
"683","Paraguay",2019,0,352.21681,0,352.21681,0.0532129944100317
"684","Yemen",2018,0,408.3041,58.76,349.5441,0.0108271620617024
"685","Jamaica",2016,0,362.68,13.68,349,0.123758865248227
"686","Aruba",2021,0,346.543731,0,346.543731,3.23872645794392
"687","Nepal",2021,0,345.12635,0,345.12635,0.0117593904391972
"688","North Macedonia",2017,0,359.88,17.68,342.2,0.162103268593084
"689","Tunisia",2021,0,337.11298,3.9685,333.14448,0.027392244696596
"690","Cuba",2018,0,436.87,106.6,330.27,0.0292248473586408
"691","Namibia",2019,0,486.327711,156.894511,329.4332,0.132355644837284
"692","Kyrgyzstan",2016,0,327.06,0,327.06,0.050904280155642
"693","Ghana",2018,0,351.91,27.12,324.79,0.0100929148539465
"694","El Salvador",2020,0,322.60743,0,322.60743,0.0512644891148896
"695","North Macedonia",2018,0,363.55,41.68,321.87,0.152472761724301
"696","Côte d'Ivoire",2019,0,318.98685,0.00678,318.98007,0.0118969144412949
"697","Myanmar",2016,0,317.86,0,317.86,0.00594987177807311
"698","Jamaica",2017,0,318.37,1.13,317.24,0.112496453900709
"699","Barbados",2021,0,319.88587,4.0872,315.79867,1.12383868327402
"700","Namibia",2020,0,384.487913,71.046711,313.441202,0.125930575331458
"701","Ecuador",2016,0,598.8,285.6,313.2,0.0178065836602422
"702","Algeria",2020,0,312.25987,0,312.25987,0.00718631754579766
"703","Bosnia and Herzegovina",2020,0,319.226305,10.82136,308.404945,0.0929490491259795
"704","Tunisia",2019,0,308.30343,0.07345,308.22998,0.0253436918270021
"705","Uzbekistan",2019,0,308.021542,0,308.021542,0.00918726823157455
"706","Uzbekistan",2020,0,305.94546,0,305.94546,0.00912534554239866
"707","Oman",2021,0,436.71261,131.6787,305.03391,0.0671437178076161
"708","Bosnia and Herzegovina",2021,0,308.282781,5.0752,303.207581,0.0913826344183243
"709","Bermuda",2021,0,300.969093,0.4,300.569093,4.696392078125
"710","Cayman Islands",2020,0,298.374446,0,298.374446,4.45334994029851
"711","Rwanda",2021,0,659.687241,361.884308,297.802933,0.0226535016735129
"712","French Polynesia",2018,0,297.160112,0,297.160112,0.983973880794702
"713","Bermuda",2017,0,296.86,0,296.86,4.6384375
"714","Burkina Faso",2015,0,298.19,4.52,293.67,0.0136444733540863
"715","French Polynesia",2019,0,289.495377,0,289.495377,0.958593963576159
"716","Armenia",2018,0,318.21,32.39,285.82,0.101860299358517
"717","New Caledonia",2015,0,285.53,0,285.53,0.998356643356643
"718","Bosnia and Herzegovina",2018,0,289.91,6,283.91,0.0855666063893912
"719","Paraguay",2017,0,281.14,0,281.14,0.0424746940625472
"720","Tunisia",2018,0,278.92109,0,278.92109,0.0229338176286795
"721","Angola",2021,0,278.090708,0,278.090708,0.00831909501017111
"722","Aruba",2020,0,275.927534,0.01469,275.912844,2.57862471028037
"723","Jamaica",2015,0,279.39,4.32,275.07,0.0975425531914894
"724","Palestine",2019,0,268.95,0,268.95,0.0535863717872086
"725","North Macedonia",2020,0,327.13707,61.64512,265.49195,0.125765963998105
"726","Cayman Islands",2021,0,262.891222,0,262.891222,3.92374958208955
"727","French Polynesia",2016,0,262.75226,0,262.75226,0.87004059602649
"728","El Salvador",2018,0,262.48,0,262.48,0.0417098363260766
"729","El Salvador",2019,0,260.865958,0,260.865958,0.0414533542030828
"730","Bermuda",2020,0,259.353622,1,258.353622,4.03677534375
"731","New Caledonia",2020,0,258.25149,0,258.25149,0.902977237762238
"732","Bermuda",2015,0,257.88,0,257.88,4.029375
"733","New Caledonia",2016,0,253.21,0,253.21,0.88534965034965
"734","Curaçao",2016,0,252.15,0,252.15,1.33412698412698
"735","Mauritius",2015,0,252.08,0,252.08,0.194206471494607
"736","Bosnia and Herzegovina",2019,0,263.180281,11.256,251.924281,0.0759265464135021
"737","Tunisia",2017,0,251.71,0,251.71,0.0206964315079757
"738","Kenya",2017,0,268.95,19.21,249.74,0.00480398568845458
"739","Senegal",2018,0,257.64,7.91,249.73,0.0151940861523485
"740","French Polynesia",2020,0,249.661797,0,249.661797,0.82669469205298
"741","Sri Lanka",2015,0,289.01,40.89,248.12,0.0114262030854248
"742","Egypt",2017,0,2138.21,1890.97,247.24,0.00230065602754385
"743","Cuba",2015,0,585.85,339,246.85,0.0218431997168392
"744","Angola",2019,0,245.363192,0.144,245.219192,0.00733574225200431
"745","Maldives",2018,0,244.4,0,244.4,0.475486381322957
"746","North Macedonia",2016,0,254.01,10.28,243.73,0.115457129322596
"747","Paraguay",2018,0,243.29,0,243.29,0.0367563075993353
"748","French Polynesia",2017,0,240.585272,0,240.585272,0.796639973509934
"749","Paraguay",2016,0,239.73,0,239.73,0.0362184620033238
"750","Tunisia",2016,0,239.28,0,239.28,0.0196743956586088
"751","Mali",2021,0,239.16594,0,239.16594,0.0112686552958914
"752","New Caledonia",2021,0,235.44611,0,235.44611,0.823238146853147
"753","Barbados",2020,0,234.68318,0.02373,234.65945,0.835087010676157
"754","Armenia",2021,0,238.725753,4.50911,234.216643,0.0834699369208838
"755","Tunisia",2020,0,232.07988,0,232.07988,0.019082377898372
"756","El Salvador",2016,0,223.77,0,223.77,0.0355585571269665
"757","Kenya",2015,0,241.66,18.26,223.4,0.00429731081445004
"758","Montenegro",2021,0,222.55235,0,222.55235,0.353819316375199
"759","Oman",2015,0,414.64,192.1,222.54,0.0489852520360995
"760","Algeria",2019,0,217.5828,0.768,216.8148,0.00498975421154377
"761","Albania",2020,0,225.64675,9.657,215.98975,0.0753365015695849
"762","New Caledonia",2019,0,212.32836,0.286,212.04236,0.741406853146853
"763","Albania",2019,0,229.9532,19.61518,210.33802,0.0733651970701081
"764","Uzbekistan",2018,0,209.93,0,209.93,0.00626152056551436
"765","El Salvador",2017,0,207.6,0,207.6,0.032989035436199
"766","Montenegro",2019,0,207.32249,0.036,207.28649,0.329549268680445
"767","Andorra",2019,0,207.055059,0,207.055059,2.65455203846154
"768","New Caledonia",2017,0,205.35,0,205.35,0.718006993006993
"769","Maldives",2017,0,203.52,0,203.52,0.395953307392996
"770","French Polynesia",2015,0,203.13,0,203.13,0.672615894039735
"771","Cabo Verde",2019,0,201.74563,0,201.74563,0.346047392795883
"772","Cambodia",2021,0,198.252208,0,198.252208,0.0120907609928645
"773","Maldives",2015,0,193.63,0,193.63,0.376712062256809
"774","Maldives",2016,0,193.42,0,193.42,0.376303501945525
"775","Andorra",2020,0,193.189845,0,193.189845,2.47679288461538
"776","Barbados",2019,0,193.78199,0.69552,193.08647,0.687140462633452
"777","Côte d'Ivoire",2020,0,192.576194,0.25386,192.322334,0.00717299470386394
"778","Paraguay",2015,0,191.74,0,191.74,0.0289681220728207
"779","Barbados",2017,0,190.36,0,190.36,0.677437722419929
"780","Bosnia and Herzegovina",2015,0,191.18,1.13,190.05,0.0572784810126582
"781","Namibia",2016,0,192.1,4.52,187.58,0.0753635998392929
"782","Turkmenistan",2016,0,186.47,0,186.47,0.0298352
"783","Barbados",2018,0,184.8,0,184.8,0.657651245551601
"784","Barbados",2015,0,184.13,0,184.13,0.655266903914591
"785","Algeria",2018,0,182.32,0,182.32,0.00419589432016938
"786","Bosnia and Herzegovina",2016,0,238.53,56.26,182.27,0.0549336949969861
"787","Andorra",2021,0,182.085392,0.099,181.986392,2.33315887179487
"788","Venezuela (Bolivarian Republic of)",2019,0,181.804492,0,181.804492,0.00638134405054405
"789","Montenegro",2017,0,180.71,0,180.71,0.287297297297297
"790","Tunisia",2015,0,180.16,0,180.16,0.0148133530669298
"791","Montenegro",2018,0,177.67,0,177.67,0.282464228934817
"792","Namibia",2017,0,204.79,27.65,177.14,0.0711691442346324
"793","Guatemala",2019,0,175.48304,0,175.48304,0.010106723492484
"794","Lesotho",2021,0,175.017827,0,175.017827,0.0776476606033718
"795","Rwanda",2020,0,172.49289,0.57984,171.91305,0.0130772136010954
"796","Cambodia",2019,0,171.89126,0,171.89126,0.0104830920290297
"797","Cayman Islands",2018,0,169.25,0,169.25,2.52611940298507
"798","Bosnia and Herzegovina",2017,0,228.92,60,168.92,0.0509101868595539
"799","Cabo Verde",2017,0,169.08,1.13,167.95,0.288078902229846
"800","New Caledonia",2018,0,165.04,0,165.04,0.577062937062937
"801","Guatemala",2018,0,163.69,0,163.69,0.00942751828601048
"802","Barbados",2016,0,163.08,0,163.08,0.580355871886121
"803","Burkina Faso",2017,0,162.17,0,162.17,0.00753473028852855
"804","Cambodia",2020,0,161.946892,0,161.946892,0.00987661718607062
"805","Armenia",2017,0,253.17,91.6,161.57,0.0575801853171775
"806","Democratic Republic of the Congo",2018,0,163.85729,2.69112,161.16617,0.00173571311643135
"807","Papua New Guinea",2019,0,160.70149,0.0113,160.69019,0.0164810451282051
"808","Andorra",2015,0,159.661792,0,159.661792,2.04694605128205
"809","Papua New Guinea",2020,0,159.332352,0,159.332352,0.0163417796923077
"810","El Salvador",2015,0,156.16,1.2,154.96,0.024624185603051
"811","Andorra",2018,0,152,0,152,1.94871794871795
"812","Fiji",2017,0,157.62,6.85,150.77,0.163880434782609
"813","Andorra",2016,0,147.534082,0,147.534082,1.89146258974359
"814","Kenya",2016,0,161.12,13.78,147.34,0.00283422459893048
"815","Sri Lanka",2018,0,206.23,60.91,145.32,0.0066921482845959
"816","Sri Lanka",2017,0,203.41,61.53,141.88,0.00653373244301174
"817","Cabo Verde",2018,0,139.01,0,139.01,0.23843910806175
"818","Eswatini",2015,0,138.93,0,138.93,0.117637595258256
"819","Libya",2019,0,138.31385,0,138.31385,0.0207865719867749
"820","Lao People's Democratic Republic",2021,0,158.17051,21.6828,136.48771,0.0186484096188004
"821","Guatemala",2021,0,136.339609,0,136.339609,0.00785230714738236
"822","Guatemala",2015,0,136.23,0,136.23,0.00784599435581409
"823","Montenegro",2016,0,135.96,0,135.96,0.216152623211447
"824","Bangladesh",2021,0,584.458871,450.04686,134.412011,0.000802838419314184
"825","Sri Lanka",2020,0,171.451323,38.662926,132.788397,0.00611505397190882
"826","Curaçao",2015,0,132.4,0,132.4,0.700529100529101
"827","Albania",2016,0,157.67,25.47,132.2,0.0461109173351936
"828","Democratic Republic of the Congo",2019,0,132.66502,1.67536,130.98966,0.0014107208167749
"829","United Republic of Tanzania",2018,0,187.38,57.63,129.75,0.00210274694109067
"830","Guatemala",2020,0,129.35279,0,129.35279,0.00744991015377527
"831","Nicaragua",2016,0,127.84,0,127.84,0.0189224393132031
"832","Malawi",2019,0,125.779176,0,125.779176,0.00649115838365072
"833","Guatemala",2016,0,125.46,0,125.46,0.00722570984276911
"834","Zambia",2020,0,129.47497,6.00821,123.46676,0.00652296914623838
"835","Armenia",2019,0,147.683452,25.24953,122.433922,0.0436329016393443
"836","Namibia",2021,0,190.806879,69.807979,120.9989,0.0486134592205705
"837","Lao People's Democratic Republic",2020,0,120.711565,0,120.711565,0.0164929040852575
"838","Sierra Leone",2015,0,120.51,0,120.51,0.0146356570318193
"839","Uzbekistan",2016,0,119.51,0,119.51,0.00356458973364751
"840","Armenia",2020,0,119.868172,2.8224,117.045772,0.0417126771204562
"841","Fiji",2018,0,119.52,3.53,115.99,0.126076086956522
"842","Sri Lanka",2016,0,228.9,113.28,115.62,0.00532443011743035
"843","Saint Lucia",2019,0,114.420435,0,114.420435,0.63922030726257
"844","Sri Lanka",2019,0,273.466,159.168261,114.297739,0.00526353852175915
"845","Turkmenistan",2015,0,112.91,0,112.91,0.0180656
"846","Andorra",2017,0,112.74,0,112.74,1.44538461538462
"847","Uzbekistan",2015,0,112.58,0,112.58,0.00335789065529275
"848","Montenegro",2020,0,112.18221,0,112.18221,0.178350095389507
"849","Nicaragua",2021,0,112.020992,0,112.020992,0.016580963883955
"850","Nicaragua",2019,0,110.778088,0,110.778088,0.0163969934872706
"851","Antigua and Barbuda",2021,0,110.56332,0,110.56332,1.18885290322581
"852","Angola",2020,0,109.730428,0,109.730428,0.00328259028359459
"853","Cabo Verde",2020,0,109.294,0,109.294,0.187468267581475
"854","Honduras",2016,0,119.86,11.3,108.56,0.0107251531317921
"855","Saint Lucia",2018,0,107.622795,0,107.622795,0.601244664804469
"856","Curaçao",2019,0,105.14719,0,105.14719,0.556334338624339
"857","Haiti",2021,0,104.97273,0,104.97273,0.00928387105332979
"858","Albania",2015,0,118.79,15.82,102.97,0.0359155912103244
"859","Nicaragua",2017,0,102.88,0,102.88,0.0152279455298993
"860","Nicaragua",2015,0,102.16,0,102.16,0.0151213735938425
"861","Kenya",2019,0,178.41352,77.25068,101.16284,0.00194596314392336
"862","Samoa",2016,0,233.07,132.21,100.86,0.469116279069767
"863","Nicaragua",2018,0,99.28,0,99.28,0.0146950858496152
"864","Montenegro",2015,0,97.62,0,97.62,0.155198728139905
"865","Botswana",2016,0,107.49,10.17,97.32,0.0382246661429694
"866","Central African Republic",2016,0,97.18,0,97.18,0.018188283735729
"867","Congo",2018,0,94.36,0,94.36,0.0165485794458085
"868","Libya",2015,0,94.07,0,94.07,0.0141373609858732
"869","Turks and Caicos Islands",2015,0,93.85,0,93.85,2.13295454545455
"870","Uzbekistan",2017,0,92.15,0,92.15,0.00274853103468846
"871","Cuba",2020,0,91.298994,0,91.298994,0.00807884204937616
"872","Antigua and Barbuda",2020,0,90.24149,0,90.24149,0.970338602150538
"873","Fiji",2019,0,94.603104,4.852029,89.751075,0.0975555163043478
"874","Saint Lucia",2017,0,87.49,0,87.49,0.48877094972067
"875","Guatemala",2017,0,87.19,0,87.19,0.00502159765017566
"876","Zambia",2019,0,90.18789,3.60244,86.58545,0.00457446375739645
"877","Turks and Caicos Islands",2020,0,85.88884,0,85.88884,1.95201909090909
"878","Turks and Caicos Islands",2021,0,85.28033,0,85.28033,1.93818931818182
"879","Antigua and Barbuda",2017,0,83.93,0,83.93,0.90247311827957
"880","Botswana",2015,0,83.72,0,83.72,0.0328829536527887
"881","Antigua and Barbuda",2018,0,82.21,0,82.21,0.883978494623656
"882","Seychelles",2017,0,80.25,0,80.25,0.757075471698113
"883","Cambodia",2018,0,79.7,0,79.7,0.00486064523998292
"884","Kenya",2021,0,200.463799,120.89614,79.567659,0.00153055936213596
"885","Syrian Arab Republic",2015,0,79.1,0,79.1,0.00380782746834834
"886","Antigua and Barbuda",2019,0,78.757885,0,78.757885,0.846858978494623
"887","Turks and Caicos Islands",2019,0,78.70464,0,78.70464,1.78874181818182
"888","Nicaragua",2020,0,79.87528,3.2496,76.62568,0.0113418709295441
"889","Congo",2016,0,106.61,30.51,76.1,0.0133461943177832
"890","Greenland",2015,4,71.69,0,75.69,1.35160714285714
"891","Cabo Verde",2016,0,76.03,1.13,74.9,0.128473413379074
"892","Ethiopia",2017,0,74.31,0,74.31,0.000634093061753889
"893","Tajikistan",2017,0,73.60465,0,73.60465,0.00771294666247511
"894","Congo",2017,0,73.02,0,73.02,0.0128060329708874
"895","Saint Lucia",2016,0,72.06,0,72.06,0.402569832402235
"896","Saint Kitts and Nevis",2020,0,71.95773,0,71.95773,1.499119375
"897","Ethiopia",2015,0,71.92,1.13,70.79,0.000604056625508785
"898","Eswatini",2019,0,70.545533,0,70.545533,0.0597337281964437
"899","Seychelles",2016,0,70.47,0,70.47,0.664811320754717
"900","Kenya",2018,0,102.56,32.77,69.79,0.00134247682068249
"901","Venezuela (Bolivarian Republic of)",2018,0,68.93,0,68.93,0.00241944541944542
"902","Turks and Caicos Islands",2016,0,68.21,0,68.21,1.55022727272727
"903","Bolivia (Plurinational State of)",2019,0,68.09735,0,68.09735,0.00570520693699732
"904","Cambodia",2017,0,67.95,0,67.95,0.00414405074098921
"905","Congo",2015,0,67.35,0,67.35,0.0118116450368292
"906","Papua New Guinea",2018,0,67.17,0,67.17,0.00688923076923077
"907","Haiti",2020,0,67.0526,0,67.0526,0.00593018484124878
"908","Bolivia (Plurinational State of)",2020,0,66.78433,0,66.78433,0.00559520191018767
"909","Benin",2021,0,66.6401,0,66.6401,0.00527090880329036
"910","Antigua and Barbuda",2016,0,66.42,0,66.42,0.714193548387097
"911","Palau",2015,0,66.07,0,66.07,3.67055555555556
"912","Antigua and Barbuda",2015,0,65.81,0,65.81,0.707634408602151
"913","Burundi",2019,0,64.97726,0,64.97726,0.00531728805237316
"914","Comoros",2019,0,64.93884,0,64.93884,0.0805692803970223
"915","Saint Kitts and Nevis",2019,0,64.78126,0,64.78126,1.34960958333333
"916","Burkina Faso",2016,0,64.52,0,64.52,0.00299772336570181
"917","Cayman Islands",2017,0,63.97,0,63.97,0.954776119402985
"918","Cabo Verde",2021,0,63.91879,0,63.91879,0.109637718696398
"919","Samoa",2015,0,65.03,2.26,62.77,0.291953488372093
"920","Saint Lucia",2015,0,62.34,0,62.34,0.348268156424581
"921","Eswatini",2017,0,61.54,0,61.54,0.052108382726503
"922","Zimbabwe",2015,0,61.32,0,61.32,0.00391320995532865
"923","Seychelles",2021,0,60.797049,0,60.797049,0.573557066037736
"924","Democratic People's Republic of Korea",2020,60,0.02634,0,60.02634,0.00232057602350485
"925","Democratic People's Republic of Korea",2021,60,0,0,60,0.00231955773765802
"926","Democratic People's Republic of Korea",2019,60,0,0,60,0.00231955773765802
"927","Burundi",2016,0,59.89,0,59.89,0.00490098199672668
"928","Palau",2017,0,59.7,0,59.7,3.31666666666667
"929","Palau",2016,0,59.7,0,59.7,3.31666666666667
"930","Armenia",2016,0,63.04,3.6,59.44,0.0211831789023521
"931","Seychelles",2020,0,70.683166,11.852683,58.830483,0.555004556603774
"932","Papua New Guinea",2016,0,65.9,7.2,58.7,0.00602051282051282
"933","Saint Kitts and Nevis",2015,0,58.59,0,58.59,1.220625
"934","Eswatini",2018,0,58.45,0,58.45,0.0494919559695174
"935","Botswana",2020,0,58.216662,0.0144,58.202262,0.02286027572663
"936","Cameroon",2017,0,57.92,0,57.92,0.00218640292929674
"937","Saint Kitts and Nevis",2021,0,56.46786,0,56.46786,1.17641375
"938","Turks and Caicos Islands",2017,0,56.4,0,56.4,1.28181818181818
"939","Djibouti",2021,0,56.06888,0,56.06888,0.0514393394495413
"940","Comoros",2020,0,54.24,0,54.24,0.0672952853598015
"941","Saint Kitts and Nevis",2018,0,53.91,0,53.91,1.123125
"942","Seychelles",2019,0,53.192849,0.022374,53.170475,0.501608254716981
"943","Armenia",2015,0,67.64,14.69,52.95,0.0188702779757662
"944","Ethiopia",2021,0,52.626786,0,52.626786,0.000449068495020949
"945","Palau",2019,0,52.51545,0,52.51545,2.917525
"946","Guyana",2021,0,55.051938,3.07699,51.974948,0.065213234629862
"947","Congo",2019,0,51.303563,0,51.303563,0.00899746808137496
"948","Zambia",2017,0,51.26,0,51.26,0.002708157227388
"949","Lesotho",2019,0,67.02599,15.82,51.20599,0.0227178305235138
"950","Cameroon",2016,0,51.01,0,51.01,0.00192555962402325
"951","Cameroon",2015,0,50.91,0,50.91,0.00192178475708731
"952","Cameroon",2018,0,50.5054,0,50.5054,0.0019065116454645
"953","Democratic People's Republic of Korea",2017,50,0,0,50,0.00193296478138168
"954","Palau",2018,0,49.79,0,49.79,2.76611111111111
"955","Benin",2020,0,49.402727,0.062,49.340727,0.00390261227556751
"956","Seychelles",2018,0,48.99,0,48.99,0.462169811320755
"957","Papua New Guinea",2021,0,48.862275,0,48.862275,0.00501151538461538
"958","Bolivia (Plurinational State of)",2021,0,48.7849,0,48.7849,0.004087206769437
"959","Palau",2020,0,48.55997,0,48.55997,2.69777611111111
"960","Libya",2017,0,48.02164,0,48.02164,0.00721695822061918
"961","Saint Lucia",2021,0,47.443048,0,47.443048,0.265044960893855
"962","Botswana",2021,0,47.216936,0.0096,47.207336,0.0185417659073056
"963","Lesotho",2018,0,74.330368,27.123842,47.206526,0.0209434454303461
"964","Saint Kitts and Nevis",2016,0,46.95,0,46.95,0.978125
"965","Lesotho",2020,0,46.918153,0,46.918153,0.0208155070984916
"966","Tajikistan",2016,0,46.24895,0,46.24895,0.00484637430577387
"967","Equatorial Guinea",2016,0,46.13,0,46.13,0.0289035087719298
"968","Botswana",2017,0,43.92,0,43.92,0.0172505891594658
"969","Equatorial Guinea",2021,0,43.88473,0,43.88473,0.0274966979949875
"970","Mongolia",2020,0,43.68339,0,43.68339,0.0132615027322404
"971","Saint Kitts and Nevis",2017,0,43.31,0,43.31,0.902291666666666
"972","Saint Lucia",2020,0,43.169363,0.0216,43.147763,0.241048955307263
"973","Liberia",2017,0,43.1,0,43.1,0.00847091194968553
"974","Eswatini",2016,0,43.02,0,43.02,0.0364267569856054
"975","Papua New Guinea",2017,0,42.51,0,42.51,0.00436
"976","Samoa",2018,0,41.29,0,41.29,0.192046511627907
"977","Bolivia (Plurinational State of)",2016,0,40.96,0,40.96,0.00343163538873995
"978","Botswana",2019,0,41.919871,1.125502,40.794369,0.0160229257659073
"979","Zimbabwe",2016,0,40.39,0,40.39,0.00257753669432036
"980","Curaçao",2021,0,46.30532,6.028,40.27732,0.213107513227513
"981","Zambia",2016,0,40.2,0,40.2,0.00212383770076078
"982","Bolivia (Plurinational State of)",2018,0,40,0,40,0.00335120643431635
"983","Kenya",2020,0,172.54195,132.68326,39.85869,0.000766719693763706
"984","Ethiopia",2016,0,39.43,0,39.43,0.000336459284416039
"985","Grenada",2019,0,39.010954,0,39.010954,0.314604467741936
"986","Madagascar",2021,0,38.12451,0,38.12451,0.00135073551815766
"987","Turks and Caicos Islands",2018,0,38.08,0,38.08,0.865454545454545
"988","Rwanda",2019,0,162.399756,124.49097,37.908786,0.00288367457781835
"989","Cuba",2021,0,37.23427,0,37.23427,0.00329477656844527
"990","Zambia",2021,0,57.347468,20.64736,36.700108,0.00193893216398986
"991","Grenada",2018,0,36.28645,0,36.28645,0.292632661290323
"992","Curaçao",2017,0,36.19,0,36.19,0.191481481481481
"993","Ecuador",2015,0,577.84,541.88,35.96,0.00204445960543522
"994","Equatorial Guinea",2017,0,35.79,0,35.79,0.0224248120300752
"995","Curaçao",2020,0,35.56563,0,35.56563,0.188177936507936
"996","Madagascar",2018,0,35.01,0,35.01,0.00124038972542073
"997","Botswana",2018,0,34.48,0,34.48,0.0135428122545169
"998","Senegal",2021,0,34.67698,0.35595,34.32103,0.00208816196154782
"999","Zambia",2018,0,34.23,0,34.23,0.00180843195266272
"1000","Grenada",2017,0,33.96568,0,33.96568,0.273916774193548
"1001","Cabo Verde",2015,0,33.96,0,33.96,0.0582504288164666
"1002","Papua New Guinea",2015,0,33.89,0,33.89,0.00347589743589744
"1003","Zimbabwe",2021,0,33.71026,0,33.71026,0.00215126100829611
"1004","Eswatini",2020,0,33.349294,0,33.349294,0.028238182895851
"1005","Mongolia",2016,0,33.22,0,33.22,0.0100850030358227
"1006","Lesotho",2017,0,116.46,83.62,32.84,0.0145696539485359
"1007","Zambia",2015,0,55.38,22.6,32.78,0.00173182586644125
"1008","Central African Republic",2019,0,32.62875,0,32.62875,0.00610682201010668
"1009","Tajikistan",2015,0,32.55,0,32.55,0.0034108770826784
"1010","Congo",2021,0,32.664525,0.12048,32.544045,0.00570747895475272
"1011","Grenada",2016,0,32.50329,0,32.50329,0.262123306451613
"1012","Ethiopia",2019,0,32.205976,0,32.205976,0.000274816120691862
"1013","Samoa",2021,0,32.109602,0,32.109602,0.149346986046512
"1014","Honduras",2017,0,117.7,85.88,31.82,0.00314364750049397
"1015","Lao People's Democratic Republic",2019,0,31.455188,0,31.455188,0.00429774395409209
"1016","Seychelles",2015,0,54.81,23.73,31.08,0.293207547169811
"1017","Zimbabwe",2020,0,31.042133,0,31.042133,0.00198099125717932
"1018","Palau",2021,0,30.72154,0,30.72154,1.70675222222222
"1019","Bolivia (Plurinational State of)",2015,0,30.72,0,30.72,0.00257372654155496
"1020","Comoros",2017,0,30.51,0,30.51,0.0378535980148883
"1021","Turkmenistan",2017,0,30.43,0,30.43,0.0048688
"1022","Fiji",2021,0,46.064469,15.859211,30.205258,0.0328318021739131
"1023","Mozambique",2015,0,114.34,84.75,29.59,0.000949066649560588
"1024","Palestine",2018,0,29.38,0,29.38,0.00585375572823271
"1025","Tajikistan",2018,0,29.27884,0,29.27884,0.00306809598658703
"1026","Malawi",2020,0,29.150499,0,29.150499,0.00150438659235176
"1027","Malawi",2021,0,29.106741,0,29.106741,0.00150212834804149
"1028","Liberia",2020,0,28.533526,0,28.533526,0.00560800432389937
"1029","Turkmenistan",2021,0,28.443576,0,28.443576,0.00455097216
"1030","Democratic People's Republic of Korea",2018,60,0,31.64,28.36,0.00109637762399969
"1031","Burkina Faso",2019,0,28.3455,0,28.3455,0.00131698647957998
"1032","Equatorial Guinea",2020,0,28.27889,0,28.27889,0.0177186027568922
"1033","Zimbabwe",2019,0,27.85863,0,27.85863,0.0017778321633695
"1034","Gabon",2020,0,27.82118,0,27.82118,0.0121330920191888
"1035","Congo",2020,0,27.82172,0.0204,27.80132,0.00487571378463697
"1036","Liberia",2016,0,27.65,0,27.65,0.00543435534591195
"1037","Marshall Islands",2021,0,27.62334,0,27.62334,0.642403255813954
"1038","Liberia",2021,0,27.598845,0,27.598845,0.00542430129716981
"1039","Equatorial Guinea",2019,0,27.50129,0,27.50129,0.0172313847117794
"1040","Zimbabwe",2017,0,27.08,0,27.08,0.00172814294830887
"1041","Timor-Leste",2015,0,26.87,0,26.87,0.0206692307692308
"1042","Bolivia (Plurinational State of)",2017,0,26.72,0,26.72,0.00223860589812332
"1043","Uganda",2015,0,27.75,1.13,26.62,0.000599482040310776
"1044","Equatorial Guinea",2015,0,26.6,0,26.6,0.0166666666666667
"1045","Mongolia",2015,0,26.43,0,26.43,0.00802367941712204
"1046","Samoa",2017,0,43.492,17.56,25.932,0.120613953488372
"1047","Tajikistan",2019,0,25.61154,0,25.61154,0.00268380383527193
"1048","Vanuatu",2016,0,25.45,0,25.45,0.0815705128205128
"1049","Zimbabwe",2018,0,25.31,0,25.31,0.00161518825781749
"1050","Mongolia",2019,0,25.1642,0,25.1642,0.00763940497874924
"1051","Ethiopia",2018,0,25.05,0,25.05,0.000213753615892005
"1052","Grenada",2020,0,25.008255,0,25.008255,0.201679475806452
"1053","Burundi",2018,0,24.86,0,24.86,0.00203436988543372
"1054","Cambodia",2016,0,24.55,0,24.55,0.00149722510215283
"1055","Turkmenistan",2020,0,24.246026,0,24.246026,0.00387936416
"1056","Fiji",2020,0,25.211487,1.408919,23.802568,0.0258723565217391
"1057","Saint Pierre and Miquelon",2019,0,23.25338,0,23.25338,3.87556333333333
"1058","Burkina Faso",2020,0,22.83379,0,22.83379,0.00106090182595363
"1059","Haiti",2015,0,22.67,0,22.67,0.00200495268417794
"1060","Saint Pierre and Miquelon",2018,1,21.65,0,22.65,3.775
"1061","Cambodia",2015,0,39.04,16.8,22.24,0.00135634567298896
"1062","Mongolia",2021,0,22.105953,0,22.105953,0.00671097540983607
"1063","Timor-Leste",2018,0,22,0,22,0.0169230769230769
"1064","Madagascar",2020,0,28.616116,6.667,21.949116,0.0007776480425155
"1065","Mali",2020,0,22.81966,0.904,21.91566,0.00103258857896721
"1066","Saint Pierre and Miquelon",2016,1,20.51,0,21.51,3.585
"1067","Burundi",2020,0,21.40188,0,21.40188,0.00175138134206219
"1068","Djibouti",2016,0,21.12,0,21.12,0.0193761467889908
"1069","Grenada",2021,0,20.97481,0,20.97481,0.169151693548387
"1070","Sudan",2015,0,982.42,961.63,20.79,0.000467821782178217
"1071","Grenada",2015,0,23.46738,2.78997,20.67741,0.166753306451613
"1072","Turkmenistan",2018,0,20.34,0,20.34,0.0032544
"1073","Mozambique",2016,0,159.2,138.99,20.21,0.000648213483866829
"1074","Gabon",2018,0,19.88,0,19.88,0.00866986480593109
"1075","Haiti",2017,0,19.75,0,19.75,0.00174670558061378
"1076","Vanuatu",2018,0,19.44,0,19.44,0.0623076923076923
"1077","Comoros",2021,0,18.98682,0,18.98682,0.0235568486352357
"1078","Burkina Faso",2018,0,18.85,0,18.85,0.000875807275937369
"1079","Senegal",2020,0,70.814,52.04893,18.76507,0.0011417054027744
"1080","Liberia",2019,0,18.70641,0,18.70641,0.00367657429245283
"1081","Djibouti",2015,0,19.81,1.13,18.68,0.0171376146788991
"1082","Haiti",2018,0,18.42,0,18.42,0.00162907933138764
"1083","Ethiopia",2020,0,18.34237,0,18.34237,0.00015651688269577
"1084","Syrian Arab Republic",2017,0,18.26,0,18.26,0.000879025658306455
"1085","Haiti",2016,0,18.15,0,18.15,0.00160520031838684
"1086","Marshall Islands",2020,0,18.101048,0,18.101048,0.420954604651163
"1087","Kiribati",2016,0,18,0,18,0.142857142857143
"1088","Madagascar",2015,0,17.85,0,17.85,0.000632418069087688
"1089","Libya",2016,0,17.77986,0,17.77986,0.00267205590622182
"1090","Equatorial Guinea",2018,0,17.71,0,17.71,0.0110964912280702
"1091","Mongolia",2018,0,17.55,0,17.55,0.00532786885245902
"1092","Djibouti",2019,0,17.52258,0,17.52258,0.0160757614678899
"1093","Turkmenistan",2019,0,17.242096,0,17.242096,0.00275873536
"1094","Haiti",2019,0,17.21396,0.01308,17.20088,0.00152125939683382
"1095","Samoa",2020,0,17.14557,0,17.14557,0.0797468372093023
"1096","Saint Pierre and Miquelon",2017,1,16,0,17,2.83333333333333
"1097","Syrian Arab Republic",2016,0,16.95,0,16.95,0.000815963028931786
"1098","Cameroon",2021,0,17.03472,0.0864,16.94832,0.000639776527877392
"1099","Burundi",2021,0,16.5035,0,16.5035,0.00135053191489362
"1100","Mongolia",2017,0,16.36,0,16.36,0.00496660595021251
"1101","Syrian Arab Republic",2021,0,15.96012,0.024,15.93612,0.000767155442160497
"1102","Lao People's Democratic Republic",2017,0,15.89,0,15.89,0.00217106162043995
"1103","Mauritania",2017,0,15.32,0,15.32,0.0034052011558124
"1104","Syrian Arab Republic",2018,0,14.69,0,14.69,0.000707167958407548
"1105","Dominica",2019,0,14.64164,0,14.64164,0.203356111111111
"1106","Libya",2021,0,18.47041,4.35502,14.11539,0.00212133904418395
"1107","United Republic of Tanzania",2020,0,40.31664,26.461662,13.854978,0.000224535742646463
"1108","Lesotho",2015,0,86.02,72.32,13.7,0.00607808340727596
"1109","Timor-Leste",2017,0,13.63,0,13.63,0.0104846153846154
"1110","Djibouti",2017,0,13.52,0,13.52,0.0124036697247706
"1111","Tonga",2021,0,13.72227,0.2112,13.51107,0.128676857142857
"1112","Honduras",2019,0,156.04456,142.64555,13.39901,0.00132375123493381
"1113","Kiribati",2020,0,13.23,0,13.23,0.105
"1114","Saint Pierre and Miquelon",2015,1,12.1,0,13.1,2.18333333333333
"1115","Djibouti",2018,0,12.48,0,12.48,0.0114495412844037
"1116","Libya",2020,0,12.25524,0.096,12.15924,0.00182735798016231
"1117","Saint Vincent and the Grenadines",2016,0,11.82,0,11.82,0.112571428571429
"1118","Belize",2021,0,11.685527,0.192213,11.493314,0.0290969974683544
"1119","Marshall Islands",2019,0,11.486427,0,11.486427,0.267126209302326
"1120","Gabon",2015,0,14.98,3.84,11.14,0.00485826428259921
"1121","Dominica",2015,0,10.52,0,10.52,0.146111111111111
"1122","Saint Vincent and the Grenadines",2018,0,11.55,1.13,10.42,0.0992380952380952
"1123","United Republic of Tanzania",2021,0,15.98313,5.65,10.33313,0.000167460173405721
"1124","Saint Vincent and the Grenadines",2015,0,12.16,2.26,9.9,0.0942857142857143
"1125","Tajikistan",2021,0,9.89598,0,9.89598,0.0010369883684376
"1126","Eswatini",2021,0,9.696713,0,9.696713,0.00821059525825571
"1127","Central African Republic",2015,0,9.6,0,9.6,0.00179674340258282
"1128","Belize",2017,0,9.571848,0,9.571848,0.0242325265822785
"1129","Gabon",2021,0,9.47178,0,9.47178,0.00413073702573048
"1130","Gabon",2019,0,9.40159,0,9.40159,0.00410012647187091
"1131","Palestine",2015,0,9.39,0,9.39,0.00187089061566049
"1132","Montserrat",2020,0,9.21262,0,9.21262,1.842524
"1133","Vanuatu",2017,0,9.13,0,9.13,0.0292628205128205
"1134","Timor-Leste",2021,0,8.97948,0,8.97948,0.00690729230769231
"1135","Belize",2019,0,8.847228,0,8.847228,0.0223980455696203
"1136","Gabon",2017,0,8.81,0,8.81,0.00384212821631051
"1137","Mauritania",2019,0,8.80496,0,8.80496,0.00195709268726384
"1138","Uganda",2016,0,11.03,2.26,8.77,0.000197500281499831
"1139","Cameroon",2020,0,8.7407,0.02688,8.71382,0.000328935110037371
"1140","Malawi",2017,0,8.7,0,8.7,0.000448985911131754
"1141","Eritrea",2019,0,8.59752,0,8.59752,0.00241775028121485
"1142","Lao People's Democratic Republic",2016,0,7.91,0,7.91,0.00108074873616614
"1143","Belize",2018,0,7.832677,0,7.832677,0.0198295620253165
"1144","Cameroon",2019,0,7.72229,0,7.72229,0.00029150617190744
"1145","Gabon",2016,0,7.68,0,7.68,0.00334932402965547
"1146","Honduras",2021,0,194.23059,186.57543,7.65516000000002,0.000756289270895082
"1147","Saint Pierre and Miquelon",2020,0,7.5796,0,7.5796,1.26326666666667
"1148","Lao People's Democratic Republic",2015,0,7.39,0,7.39,0.00100970077879492
"1149","Vanuatu",2019,0,7.240797,0,7.240797,0.0232076826923077
"1150","Malawi",2018,0,7.140818,0,7.140818,0.000368520307581153
"1151","Burkina Faso",2021,0,6.8048,0,6.8048,0.000316164103517168
"1152","Vanuatu",2021,0,10.46572,3.75,6.71572,0.0215247435897436
"1153","Djibouti",2020,0,6.70671,0,6.70671,0.00615294495412844
"1154","Montserrat",2018,0,6.35374,0,6.35374,1.270748
"1155","Dominica",2017,0,10.17,3.84,6.33,0.0879166666666666
"1156","Tonga",2020,0,6.1007,0,6.1007,0.0581019047619048
"1157","Falkland Islands (Malvinas)",2016,0,6,0,6,1.5
"1158","Saint Vincent and the Grenadines",2020,0,11.279829,5.348742,5.931087,0.0564865428571429
"1159","Liberia",2018,0,5.84,0,5.84,0.00114779874213836
"1160","Vanuatu",2020,0,5.70865,0,5.70865,0.0182969551282051
"1161","Madagascar",2016,0,23.68,18.08,5.6,0.000198405668733392
"1162","Sierra Leone",2020,0,5.3108,0,5.3108,0.000644984211804712
"1163","Gambia",2019,0,5.19974,0,5.19974,0.00202010101010101
"1164","Honduras",2018,0,151.86,146.9,4.96000000000004,0.000490021734835016
"1165","Saint Vincent and the Grenadines",2021,0,7.6756,2.773698,4.901902,0.046684780952381
"1166","Solomon Islands",2017,0,4.59,0,4.59,0.00664254703328509
"1167","Lao People's Democratic Republic",2018,0,4.59,0,4.59,0.000627134854488318
"1168","Malawi",2016,0,4.59,0,4.59,0.000236878773803994
"1169","Palestine",2016,0,4.52,0,4.52,0.000900577804343495
"1170","Uganda",2021,0,7.56304,3.1798,4.38324,9.87105055736966e-05
"1171","Timor-Leste",2016,0,4.26,0,4.26,0.00327692307692308
"1172","Timor-Leste",2020,0,4.2256,0,4.2256,0.00325046153846154
"1173","Tonga",2019,0,4.21215,0,4.21215,0.0401157142857143
"1174","Falkland Islands (Malvinas)",2015,0,4,0,4,1
"1175","Mauritania",2021,0,3.983363,0,3.983363,0.000885388530784619
"1176","Eritrea",2018,0,3.92,0,3.92,0.00110236220472441
"1177","Belize",2015,0,3.884654,0,3.884654,0.00983456708860759
"1178","Tuvalu",2017,0,3.6,0,3.6,0.327272727272727
"1179","Belize",2016,0,3.566466,0,3.566466,0.00902902784810126
"1180","Comoros",2016,0,3.53,0,3.53,0.00437965260545906
"1181","Montserrat",2019,0,3.1613,0,3.1613,0.63226
"1182","Chad",2017,0,3.05,0,3.05,0.000183238209672574
"1183","Belize",2020,0,2.98703,0,2.98703,0.00756210126582278
"1184","Eritrea",2020,0,2.95184,0,2.95184,0.000830101237345332
"1185","Gambia",2020,0,2.89824,0,2.89824,0.00112596736596737
"1186","Central African Republic",2020,0,2.70861,0,2.70861,0.000506945536215609
"1187","Tuvalu",2019,0,2.646,0,2.646,0.240545454545455
"1188","Timor-Leste",2019,0,2.56524,0,2.56524,0.00197326153846154
"1189","Solomon Islands",2021,0,2.54506,0,2.54506,0.00368315484804631
"1190","South Sudan",2021,0,2.4038,0,2.4038,0.000226645295115972
"1191","Tuvalu",2018,0,2.4,0,2.4,0.218181818181818
"1192","Chad",2019,0,2.38848,0,2.38848,0.000143495343947131
"1193","Malawi",2015,0,2.26,0,2.26,0.000116633121742272
"1194","Falkland Islands (Malvinas)",2020,0,2.1593,0,2.1593,0.539825
"1195","Gambia",2021,0,2.13504,0,2.13504,0.000829463869463869
"1196","Uganda",2018,0,22.41,20.34,2.07,4.66163720301768e-05
"1197","Solomon Islands",2015,0,2,0,2,0.00289435600578871
"1198","Guinea-Bissau",2018,0,2,0,2,0.000992063492063492
"1199","Guinea-Bissau",2015,0,2,0,2,0.000992063492063492
"1200","Ascension, Saint Helena and Tristan da Cunha",2017,0,2,0,2,0.4
"1201","Solomon Islands",2019,0,1.897884,0,1.897884,0.00274657597684515
"1202","Montserrat",2015,0,1.65634,0,1.65634,0.331268
"1203","Solomon Islands",2020,0,1.47124,0,1.47124,0.00212914616497829
"1204","South Sudan",2020,0,1.4464,0,1.4464,0.000136375636432208
"1205","Falkland Islands (Malvinas)",2019,0,1.42235,0,1.42235,0.3555875
"1206","Montserrat",2017,0,1.41371,0,1.41371,0.282742
"1207","Sierra Leone",2021,0,1.33378,0,1.33378,0.000161984454700024
"1208","Micronesia (Federated States of)",2021,0,1.24639,0,1.24639,0.0111284821428571
"1209","Montserrat",2016,0,1.22808,0,1.22808,0.245616
"1210","Dominica",2018,0,1.2,0,1.2,0.0166666666666667
"1211","Dominica",2016,0,1.2,0,1.2,0.0166666666666667
"1212","Tuvalu",2016,0,1.2,0,1.2,0.109090909090909
"1213","Sao Tome and Principe",2021,0,1.14539,0,1.14539,0.00523009132420091
"1214","Burundi",2017,0,1.13,0,1.13,9.24713584288052e-05
"1215","Falkland Islands (Malvinas)",2018,0,1.13,0,1.13,0.2825
"1216","Vanuatu",2015,0,1.13,0,1.13,0.00362179487179487
"1217","Micronesia (Federated States of)",2015,0,1.13,0,1.13,0.0100892857142857
"1218","Ascension, Saint Helena and Tristan da Cunha",2018,0,1.13,0,1.13,0.226
"1219","Guinea-Bissau",2020,0,0.96675,0,0.96675,0.00047953869047619
"1220","Sao Tome and Principe",2019,0,0.94921,0,0.94921,0.00433429223744292
"1221","Mauritania",2020,0,75.31224,74.4,0.912239999999983,0.000202765058901974
"1222","Chad",2021,0,0.82104,0,0.82104,4.93265244818264e-05
"1223","Sao Tome and Principe",2020,0,0.80784,0,0.80784,0.00368876712328767
"1224","Syrian Arab Republic",2019,0,0.8136,0.01152,0.80208,3.86116593655225e-05
"1225","Mauritania",2015,0,0.678,0,0.678,0.000150700155590131
"1226","Dominica",2020,0,0.60681,0,0.60681,0.00842791666666667
"1227","Guinea-Bissau",2019,0,0.56936,0,0.56936,0.000282420634920635
"1228","Dominica",2021,0,0.54528,0,0.54528,0.00757333333333333
"1229","Syrian Arab Republic",2020,0,0.46132,0,0.46132,2.22076734222308e-05
"1230","Eritrea",2021,0,0.38512,0,0.38512,0.00010830146231721
"1231","Saint Pierre and Miquelon",2021,0.35,0.01104,0,0.36104,0.0601733333333333
"1232","Sudan",2020,0,0.33276,0,0.33276,7.48784878487849e-06
"1233","Sierra Leone",2019,0,0.42432,0.1695,0.25482,3.09472917172699e-05
"1234","Falkland Islands (Malvinas)",2021,0,0.24645,0,0.24645,0.0616125
"1235","Kiribati",2021,0,0.218076,0,0.218076,0.0017307619047619
"1236","Suriname",2021,0,0.5064,0.29154,0.21486,0.000353970345963756
"1237","Suriname",2020,0,0.2148,0,0.2148,0.000353871499176277
"1238","South Sudan",2019,0,0.2005,0,0.2005,1.89043937393928e-05
"1239","Kiribati",2017,0,0.1836,0,0.1836,0.00145714285714286
"1240","Micronesia (Federated States of)",2019,0,0.168,0,0.168,0.0015
"1241","Ascension, Saint Helena and Tristan da Cunha",2021,0,0.126129,0,0.126129,0.0252258
"1242","Tuvalu",2021,0,0.06328,0,0.06328,0.00575272727272727
"1243","Chad",2020,0,0.0565,0,0.0565,3.39441273655752e-06
"1244","Ascension, Saint Helena and Tristan da Cunha",2019,0,0.03966,0,0.03966,0.007932
"1245","Senegal",2019,0,69.95651,69.92327,0.0332400000000064,2.0223898758826e-06
"1246","Central African Republic",2021,0,0.0224,0,0.0224,4.19240127269324e-06
"1247","Chad",2016,0,0,0,0,0
"1248","Chad",2015,0,0,0,0,0
"1249","Chad",2018,0,0,0,0,0
"1250","Comoros",2015,0,0,0,0,0
"1251","Eritrea",2017,0,0,0,0,0
"1252","Eritrea",2015,0,0,0,0,0
"1253","Falkland Islands (Malvinas)",2017,0,0,0,0,0
"1254","Kiribati",2015,0,0,0,0,0
"1255","Liberia",2015,0,0,0,0,0
"1256","Mauritania",2016,0,0,0,0,0
"1257","Micronesia (Federated States of)",2017,0,0,0,0,0
"1258","Micronesia (Federated States of)",2016,0,0,0,0,0
"1259","Micronesia (Federated States of)",2018,0,0,0,0,0
"1260","Marshall Islands",2018,0,0,0,0,0
"1261","Marshall Islands",2017,0,0,0,0,0
"1262","Guinea-Bissau",2016,0,0,0,0,0
"1263","Guinea-Bissau",2017,0,0,0,0,0
"1264","Ascension, Saint Helena and Tristan da Cunha",2016,0,0,0,0,0
"1265","Ascension, Saint Helena and Tristan da Cunha",2015,0,0,0,0,0
"1266","Sao Tome and Principe",2018,0,0,0,0,0
"1267","Sao Tome and Principe",2017,0,0,0,0,0
"1268","Sao Tome and Principe",2015,0,0,0,0,0
"1269","Sao Tome and Principe",2016,0,0,0,0,0
"1270","South Sudan",2018,0,0,0,0,0
"1271","South Sudan",2016,0,0,0,0,0
"1272","South Sudan",2017,0,0,0,0,0
"1273","Tonga",2016,0,0,0,0,0
"1274","Tonga",2018,0,0,0,0,0
"1275","Tonga",2017,0,0,0,0,0
"1276","Tonga",2015,0,0,0,0,0
"1277","Isle of Man",2016,0,0,0,0,0
"1278","Isle of Man",2018,0,0,0,0,0
"1279","Isle of Man",2017,0,0,0,0,0
"1280","Isle of Man",2019,0,0,0,0,0
"1281","Isle of Man",2015,0,0,0,0,0
"1282","Libya",2018,0,2.34403,2.63403,-0.29,-4.35828073339345e-05
"1283","Saint Vincent and the Grenadines",2017,0,3.12,4.52,-1.4,-0.0133333333333333
"1284","Suriname",2019,0,0,1.6,-1.6,-0.00263591433278418
"1285","Sudan",2018,0,0,2.26,-2.26,-5.08550855085509e-05
"1286","Saint Vincent and the Grenadines",2019,0,9.73801,13.231283,-3.493273,-0.0332692666666667
"1287","Sudan",2021,0,2.9236,6.5879,-3.6643,-8.24549954995499e-05
"1288","Suriname",2017,0,4.8,10.17,-5.37,-0.00884678747940692
"1289","Gambia",2018,0,4.52,10.17,-5.65,-0.00219502719502719
"1290","Fiji",2016,0,20.47,27.19,-6.72,-0.00730434782608696
"1291","Burundi",2015,0,6.78,18.08,-11.3,-0.000924713584288052
"1292","Senegal",2017,0,89.48,101.78,-12.3,-0.000748357264541252
"1293","Somalia",2020,0,13.945936,32.826,-18.880064,-0.00114168615831166
"1294","Albania",2018,0,189.71,210.18,-20.47,-0.00713986745727241
"1295","Benin",2019,0,23.33159,44.8836,-21.55201,-0.00170465949537293
"1296","Sierra Leone",2018,0,0,22.6,-22.6,-0.00274471702696138
"1297","Greenland",2018,0,162.56,187.04,-24.48,-0.437142857142857
"1298","Gambia",2017,0,1.13,26.4,-25.27,-0.00981740481740482
"1299","Marshall Islands",2015,0,0,25.99,-25.99,-0.604418604651163
"1300","Suriname",2016,0,0,25.99,-25.99,-0.0428171334431631
"1301","Solomon Islands",2016,0,12.8,39.6,-26.8,-0.0387843704775687
"1302","Suriname",2018,0,0,27.2,-27.2,-0.0448105436573311
"1303","Guyana",2018,0,20.56,48.59,-28.03,-0.0351693851944793
"1304","Uganda",2017,0,22.69,51.98,-29.29,-0.000659610404233758
"1305","Sudan",2017,0,36.16,65.54,-29.38,-0.000661116111611161
"1306","Yemen",2017,0,0,30.51,-30.51,-0.000945050179655557
"1307","Honduras",2015,0,81.6,115.26,-33.66,-0.00332542975696503
"1308","Suriname",2015,0,6.25,40.68,-34.43,-0.0567215815485997
"1309","Madagascar",2019,0,28.265571,64.98797,-36.722399,-0.00130105930912312
"1310","Madagascar",2017,0,25.6,66.5,-40.9,-0.00144906997342781
"1311","Namibia",2015,0,87.43,141.45,-54.02,-0.0217034953796705
"1312","Somalia",2015,0,0,56.43,-56.43,-0.0034123480679688
"1313","Guyana",2020,0,43.445406,101.066765,-57.621359,-0.0722978155583438
"1314","Guyana",2019,0,84.232516,142.240784,-58.008268,-0.0727832722710163
"1315","Mozambique",2017,0,54.38,117.26,-62.88,-0.00201680672268908
"1316","Sudan",2016,0,0,65.54,-65.54,-0.00147479747974797
"1317","Senegal",2015,0,79.29,145.77,-66.48,-0.00404477975176442
"1318","Guyana",2016,0,42.22,110.74,-68.52,-0.0859723964868256
"1319","Bangladesh",2017,0,282.03,354.91,-72.88,-0.000435309787899965
"1320","Marshall Islands",2016,0,0,73.45,-73.45,-1.70813953488372
"1321","Honduras",2020,0,141.18551,216.73174,-75.54623,-0.00746356747678324
"1322","Democratic People's Republic of Korea",2016,20,0,96.66,-76.66,-0.0029636216028144
"1323","Senegal",2016,0,104.76,181.93,-77.17,-0.004695181309321
"1324","Guinea-Bissau",2021,0,0.93467,78.80733,-77.87266,-0.0386273115079365
"1325","Yemen",2015,0,27.6,110.74,-83.14,-0.0025752694833354
"1326","Guyana",2015,0,30.78,115.26,-84.48,-0.105997490589711
"1327","Sierra Leone",2016,0,1.2,88.14,-86.94,-0.0105586592178771
"1328","Côte d'Ivoire",2018,0,215.73,303.36,-87.63,-0.00326831269580785
"1329","Sierra Leone",2017,0,1.2,99.44,-98.24,-0.0119310177313578
"1330","Yemen",2016,0,0,98.31,-98.31,-0.00304516169000124
"1331","Mozambique",2018,0,77.99,177.41,-99.42,-0.00318878696516775
"1332","Fiji",2015,0,77.09,183.06,-105.97,-0.115184782608696
"1333","Somalia",2021,0,11.51233,122.2367,-110.72437,-0.00669555360706295
"1334","Solomon Islands",2018,0,9.04,120,-110.96,-0.160578871201158
"1335","Guyana",2017,0,25.56,137.18,-111.62,-0.140050188205772
"1336","Sudan",2019,0,0,116.81036,-116.81036,-0.00262849594959496
"1337","Greenland",2021,41,73.32935,231.79576,-117.46641,-2.09761446428571
"1338","Namibia",2018,0,134.68,259.64,-124.96,-0.0502049015668943
"1339","Lesotho",2016,0,105.603125,260.246458,-154.643333,-0.0686083997338066
"1340","Morocco",2017,0,1690.29,1860.29,-170,-0.00463354138842705
"1341","Somalia",2019,0,4.77151,240.571,-235.79949,-0.0142589036705569
"1342","Somalia",2018,0,4.26,246.88,-242.62,-0.0146713430489206
"1343","Norway",2019,1364350.725,1754.21816,1366350.79539,-245.852230000077,-0.0456974405204604
"1344","Somalia",2016,0,5.39,256.29,-250.9,-0.0151720384592127
"1345","Uganda",2020,0,21.8668,295.0174,-273.1506,-0.00615134782119131
"1346","Bangladesh",2016,0,153.89,427.75,-273.86,-0.00163575656578326
"1347","Albania",2017,0,176.67,472.34,-295.67,-0.103128705964423
"1348","Morocco",2019,0,2099.203919,2408.959695,-309.755776,-0.00844274240235491
"1349","Rwanda",2018,0,904.95846,1223.64084,-318.68238,-0.0242417754450023
"1350","Mozambique",2019,0,65.926422,387.69057,-321.764148,-0.0103202305471807
"1351","Gambia",2016,0,2.26,325.44,-323.18,-0.125555555555556
"1352","Gambia",2015,0,28.8,361.6,-332.8,-0.129292929292929
"1353","Morocco",2020,0,1752.639442,2100.331027,-347.691585,-0.0094767255853253
"1354","Greenland",2019,0,112.65288,468.97192,-356.31904,-6.36284
"1355","Greenland",2020,0,71.15408,439.82296,-368.66888,-6.58337285714286
"1356","Somalia",2017,0,2,401.07,-399.07,-0.0241319465441132
"1357","Morocco",2018,0,1903.84,2364.16,-460.32,-0.0125465398348279
"1358","Democratic People's Republic of Korea",2015,20,292.67,780,-467.33,-0.018066648625662
"1359","Cook Islands",2020,0,5.42023,476.654,-471.23377,-27.7196335294118
"1360","Morocco",2016,0,1418.67,1971.16,-552.49,-0.0150587369511298
"1361","Greenland",2017,0,178.39,739.02,-560.63,-10.01125
"1362","Uganda",2019,0,26.077288,633.8509,-607.773612,-0.0136870535300079
"1363","Belarus",2017,0,11167.97,11818.3,-650.33,-0.0675036329665767
"1364","Cook Islands",2015,0,20,716,-696,-40.9411764705882
"1365","Samoa",2019,0,11.51637,730.884565,-719.368195,-3.34589858139535
"1366","Cook Islands",2016,0,7.04,758,-750.96,-44.1741176470588
"1367","Cook Islands",2019,0,6.25924,808.064,-801.80476,-47.1649858823529
"1368","Mozambique",2021,0,115.826703,917.75602,-801.929317,-0.0257209993264481
"1369","Ecuador",2020,0,708.25,1544,-835.75,-0.0475154926374439
"1370","Morocco",2021,0,2401.221025,3275.284457,-874.063431999999,-0.0238235828722505
"1371","Egypt",2016,0,1365.56,2263.47,-897.91,-0.00835537151630763
"1372","Cook Islands",2021,0,4.67483,933.302,-928.62717,-54.6251276470588
"1373","Ecuador",2021,0.465,1103.632791,2086.531358,-982.433567,-0.055854998408096
"1374","Cook Islands",2018,0,5.2,1024,-1018.8,-59.9294117647059
"1375","Cook Islands",2017,0,5.2,1238,-1232.8,-72.5176470588235
"1376","Mozambique",2020,0,69.422164,1312.3291,-1242.906936,-0.0398648706138944
"1377","Estonia",2016,13,10233.28,11551.98,-1305.7,-0.982468021068473
"1378","Panama",2019,0,2527.04875,3882.93577,-1355.88702,-0.315763162552399
"1379","Iran (Islamic Republic of)",2021,0,188.70548,1689.12114,-1500.41566,-0.0171888608087983
"1380","Morocco",2015,0,1528.82,3219.93,-1691.11,-0.0460931069257816
"1381","Iran (Islamic Republic of)",2020,0,183.981176,1938.50709,-1754.525914,-0.0200999646465804
"1382","India",2021,0,520.89061,2349.76494,-1828.87433,-0.00130971881720469
"1383","Panama",2018,0,2058.23,4011.25,-1953.02,-0.454825337680484
"1384","Iran (Islamic Republic of)",2017,0,1012.33,3286.67,-2274.34,-0.0260549891167373
"1385","Pakistan",2021,0,67.84263,2430.88425,-2363.04162,-0.0104008486907838
"1386","Panama",2017,0,1588.04,4198.69,-2610.65,-0.607976245924546
"1387","India",2020,0,390.94769,3169.48389,-2778.5362,-0.00198980382945416
"1388","Greenland",2016,0,91.45,3356,-3264.55,-58.2955357142857
"1389","India",2018,0,636.83,3919.97,-3283.14,-0.00235116769205099
"1390","Iran (Islamic Republic of)",2015,0,566.13,4023.22,-3457.09,-0.0396046511627907
"1391","Panama",2021,0,2457.14358,6238.10995,-3780.96637,-0.88052314159292
"1392","Guinea",2017,0,614.86,4404.74,-3789.88,-0.287003407800076
"1393","Indonesia",2017,0,6702.15,10520.28,-3818.13,-0.0140445747412252
"1394","Indonesia",2018,0,4057.41,7965.09,-3907.68,-0.0143739746485297
"1395","Myanmar",2020,0,1060.410142,5276.254657,-4215.844515,-0.0789144098047657
"1396","Guinea",2018,0,170.63,4520,-4349.37,-0.329372964786066
"1397","Guinea",2020,0,103.565956,4520,-4416.434044,-0.334451650435441
"1398","Guinea",2021,0,97.96121,4520.43166,-4422.47045,-0.334908780764862
"1399","India",2019,0,1271.06078,6393.13545,-5122.07467,-0.00366809105928371
"1400","Iran (Islamic Republic of)",2019,0,239.517964,5465.77323,-5226.255266,-0.0598723251918891
"1401","Myanmar",2021,0,667.004028,6099.806676,-5432.802648,-0.101694076483911
"1402","Angola",2015,0,515.61,6018.38,-5502.77,-0.164615591719517
"1403","Guinea",2019,0,78.815896,5650,-5571.184104,-0.421899591366907
"1404","Panama",2020,0,1675.60259,7683.41932,-6007.81673,-1.39911894038193
"1405","Guinea",2015,0,247.54,6612.08,-6364.54,-0.481979553199546
"1406","Iran (Islamic Republic of)",2016,0,1275.13,8721.48,-7446.35,-0.0853058769618513
"1407","Iran (Islamic Republic of)",2018,0,685.68,8187.55,-7501.87,-0.0859419177454462
"1408","Guinea",2016,0,311.845769,8505.91002,-8194.064251,-0.620527395001893
"1409","Netherlands (Kingdom of the)",2018,0,53790.44,62588.95,-8798.51,-0.504646400917694
"1410","Panama",2016,0,1868.22,10960.29,-9092.07,-2.11738938053097
"1411","Denmark",2020,1966.2,257844.7771,269923.61218,-10112.63508,-1.73577670442843
"1412","Netherlands (Kingdom of the)",2020,0,79316.717989,89957.419886,-10640.701897,-0.610306962833381
"1413","Panama",2015,0,1485.52,14028.47,-12542.95,-2.92104098742431
"1414","Pakistan",2020,0,56.39408,12838.89389,-12782.49981,-0.0562617455776265
"1415","Netherlands (Kingdom of the)",2019,0,66469.241819,81421.462601,-14952.220782,-0.857597980040149
"1416","Chile",2015,735562,547.6,753750,-17640.4,-0.914010362694302
"1417","Norway",2020,1388762.36,1199.76987,1408505.45826,-18543.3283899999,-3.44671531412638
"1418","India",2017,0,542.99,19498.15,-18955.16,-0.0135744317298858
"1419","Indonesia",2015,0,2370.74,25466.19,-23095.45,-0.0849540936812601
"1420","Norway",2021,1562623.884,1296.55669,1593118.10138,-29197.6606899998,-5.42707447769513
"1421","Netherlands (Kingdom of the)",2021,0,104998.224813,134266.506435,-29268.281622,-1.67870843831374
"1422","Pakistan",2015,0,3.13,29513.34,-29510.21,-0.129888202749156
"1423","India",2016,0,528.2,32844.67,-32316.47,-0.0231429181165393
"1424","Pakistan",2016,0,33.46,35322.67,-35289.21,-0.155324278049446
"1425","Chile",2018,809659.16,1869.76,847359.32,-35830.3999999999,-1.85649740932642
"1426","China",2020,0,146545.21531,185494.4129,-38949.19759,-0.0273341129669528
"1427","Chile",2016,643205,1386.58,685963.67,-41372.0900000001,-2.14363160621762
"1428","India",2015,0,368.88,43221.11,-42852.23,-0.0306879325000877
"1429","Pakistan",2017,0,55.84,45894.95,-45839.11,-0.201759310202159
"1430","Myanmar",2018,0,454.02,52218.845545,-51764.825545,-0.968961412593827
"1431","Pakistan",2018,0,83.13,52001.47,-51918.34,-0.228516837810358
"1432","Myanmar",2019,0,202.521475,71855.188461,-71652.666986,-1.3412325587481
"1433","Pakistan",2019,0,108.47356,78981.92743,-78873.45387,-0.347158870363605
