,Parent company,Production in tonnes,Number of projects,Countries of projects,Commercial name,Creation date,Headquarters,Flag,Website,Revenues 2022 dollars,Employees 2022,Note
0,Pure Salmon,260000,8,"Saudi Arabia, United States, China, France, Japan, Lesotho, Brunei, TBD",Pure Salmon,2018.0,"Abu Dhabi, United Arab Emirates",🇦🇪,http://www.pure-salmon.com/,,250.0,Funded by 8F Asset Management
1,Atlantic Sapphire,200000,1,United States,Atlantic Sapphire ,2010.0,"Miami, Florida, USA",🇺🇸,https://atlanticsapphire.com/,18954000.0,177.0,
2,Norwegian Mountain Salmon,115000,2,"United Kingdom, Norway",Norwegian Mountain Salmon AS,,,🇳🇴,https://www.norwegianmountainsalmon.no/,,12.0,
3,Maiken Foods,106000,2,Portugal,Maiken Foods AS,2021.0,"Oslo, Norway",🇳🇴,https://maikenfoods.com/,,,
4,Salmon Evolution,100000,4,"United States, South Korea, Norway, TBD",Hofseth International,2001.0,"Alesund, Norway",🇳🇴,http://www.hofseth.no/,,500.0,
5,Sotenas Marine Park,100000,1,Sweden,Quality Salmon Sotenäs AB,2021.0,"Sotenäs, Norway",🇳🇴,https://seafood.media/fis/companies/details.asp?l=e&filterby=companies&=&country_id=&page=1&company_id=169963&submenu=info,,,
6,World Heritage Salmon,100000,1,Norway,Salmon Evolution,2017.0,"Elnesvågen, Norway",🇳🇴,https://salmonevolution.no/,,65.0,Funded by Lighthouse Finance
7,Qingdao Guoxin,80700,3,China,"Qingdao Guoxin Development (Group) Co., Ltd.",2008.0,"Shandong Sheng, China",🇨🇳,,,,
8,Sande Aqua AS,66000,1,Norway,,,,🇳🇴,,,,
9,West Coast Salmon,60000,1,United States,West Coast Salmon,2019.0,"Oslo, Norway",🇳🇴,www.westcoast.no,,10.0,
