,Unnamed: 0,Parent company,Production Max,Link info (no text),Technologie,Species,Latest update,Country,Location,Location source,Carbon intensity of electricity - gCO2/kWh,elec_conso_kWh_low,elec_conso_kWh_high,carbon_kt_low,carbon_kt_high,Detailed status,Status,Lat,Long
0,0,Atlantic Sapphire,200000.0,https://www.seafoodsource.com/news/aquaculture/despite-setbacks-atlantic-sapphire-still-bullish-on-future-of-miami-salmon-ras,RAS,Atlantic Salmon,2023.0,United States,"Homstead, Florida",https://www.fishfarmingexpert.com/atlantic-sapphire-florida/summers-a-bummer-for-atlantic-sapphire/1553635,368.10196,1918000000.0,4520000000.0,1400.01955928,2357.8208592,Operating,Operating,25.46875906,-80.4810783
1,1,Norwegian Mountain Salmon,90000.0,https://thefishsite.com/articles/is-lewis-set-for-a-90-000-tonne-underground-salmon-farm,Hybrid FTS/RAS,Atlantic Salmon,2024.0,United Kingdom,"Mealista, Isle of Lewis",https://www.stornowaygazette.co.uk/business/mountain-salmon-plans-for-mealista-4528528,261.1549,863100000.0,2034000000.0,537.7027941900001,843.4890666000001,Conceptual,Project,58.10483082,-7.102022045
2,2,"Ardal Aqua, Grieg Seafood",15000.0,https://www.seafoodsource.com/news/aquaculture/grieg-enters-joint-venture-for-post-smolt-land-based-salmon-farming ,RAS,Atlantic Salmon,2021.0,Norway,"Årdal, Rogaland",https://www.seafoodsource.com/news/aquaculture/grieg-enters-joint-venture-for-post-smolt-land-based-salmon-farming ,28.924809,143850000.0,339000000.0,56.21083377465,61.855510251,In construction,In construction,59.1515335,6.1672076
3,3,Averoy Industripark ,20000.0,https://www.salmonbusiness.com/new-player-plans-to-produce-25000-tonnes-of-land-based-salmon/,RAS,Atlantic Salmon,2021.0,Norway,"Smedvågen, Averøy",https://www.salmonbusiness.com/new-player-plans-to-produce-25000-tonnes-of-land-based-salmon/,28.924809,191800000.0,452000000.0,74.94777836620001,82.474013668,Permit,Project,63.077521,7.659596
4,4,Baring Farsund,24000.0,https://www.fishfarmingexpert.com/baring-group-landbased-salmon-norway/norway-cycling-great-hushovd-invests-in-land-based-salmon-farm/1499527,RAS,Atlantic Salmon,2023.0,Norway,"Lundevågen, Farsund",https://www.baring.no/news,28.924809,230160000.0,542400000.0,89.93733403944,98.9688164016,Permit,Project,58.083577,6.781864
5,5,Baring Farsund,10000.0,https://www.salmonbusiness.com/baring-considers-second-land-based-salmon-farm/,RAS,Atlantic Salmon,2020.0,Norway,Grimstad,https://www.salmonbusiness.com/baring-considers-second-land-based-salmon-farm/,28.924809,95900000.0,226000000.0,37.473889183100006,41.237006834,Conceptual,Project,58.3294505,8.5711042
6,6,Berliner Land Lachs ,5000.0,https://www.salmonbusiness.com/landlachs-building-5000-tonne-land-based-salmon-farm/,RAS,Atlantic Salmon,2021.0,Germany,Eberswalde,https://www.landlachs.de/,385.38934,47950000.0,113000000.0,35.829418853,60.89899542,Conceptual,Project,52.8497774,13.7452096
7,7,Blom Salmon ,30000.0,https://www.salmonbusiness.com/blom-fiskeoppdrett-aiming-for-new-20000-tonne-a-year-land-based-salmon-farm/,RAS,Atlantic Salmon,2019.0,Norway,Oksneset,https://www.salmonbusiness.com/blom-fiskeoppdrett-aiming-for-new-20000-tonne-a-year-land-based-salmon-farm/,28.924809,287700000.0,678000000.0,112.4216675493,123.711020502,Conceptual,Project,60.5563414,4.8731555
8,8,Nordic Aquafarms,33000.0,https://www.rastechmagazine.com/nordic-aquafarms-loses-two-leases-for-belfast-ras-facility/,RAS,Atlantic Salmon,2023.0,United States,"Belfast, Maine",https://www.seafoodsource.com/news/aquaculture/us-land-based-aquaculture-projects-making-funding-permitting-progress,368.10196,316470000.0,745800000.0,231.0032272812,389.040441768,Local opposition,Project,44.42499701,-69.00686217
9,9,Bolaks,10000.0,https://www.undercurrentnews.com/2021/08/10/norways-bolaks-gets-green-light-for-10000t-post-smolt-facility/,RAS,Atlantic Salmon,2021.0,Norway,Bogoya,https://www.undercurrentnews.com/2021/08/10/norways-bolaks-gets-green-light-for-10000t-post-smolt-facility/,28.924809,95900000.0,226000000.0,37.473889183100006,41.237006834,Permit,Project,63.8717983,8.5495004
10,10,Salmon Evolution,32000.0,https://www.rastechmagazine.com/salmon-evolution-launches-north-american-expansion/,Hybrid FTS/RAS,Atlantic Salmon,2024.0,United States,"Jamestown, Washington State (site not yet confirmed)",https://www.fishfarmingexpert.com/jamestown-sklallam-tribe-salmon-evolution-washington-state/salmon-evolution-looks-at-native-american-land-for-us-farm/1480664,368.10196,306880000.0,723200000.0,224.0031294848,377.2513374720001,Conceptual,Project,48.1496979,-123.0857481
11,11,Norsal ,30000.0,https://www.rastechmagazine.com/norsal-plans-land-based-salmon-farm-in-china/,RAS,Atlantic Salmon,2021.0,China,"Yantai, Shandong",https://www.rastechmagazine.com/norsal-plans-land-based-salmon-farm-in-china/,533.9828,287700000.0,678000000.0,257.72685156,466.1403384,Conceptual,Project,37.48029055,121.444571
12,12,Pure Salmon,30000.0,https://www.undercurrentnews.com/2024/02/06/neom-signs-mou-with-pure-salmon-for-ras-in-saudi-arabia/,RAS,Atlantic Salmon,2024.0,Saudi Arabia,Neom,https://www.salmonbusiness.com/pure-salmon-signs-deal-with-saudis-for-land-based-salmon-farm-as-part-of-500-billion-neom-project/,557.7828,287700000.0,678000000.0,264.57411156,482.2767383999999,Conceptual,Project,28.21312284,35.13332755
13,13,Cermaq                         ,4000.0,https://www.rastechmagazine.com/akva-to-build-cermaq-norways-new-64m-post-smolt-facility/,RAS,Atlantic Salmon,2023.0,Norway,Hasvik,https://www.rastechmagazine.com/akva-to-build-cermaq-norways-new-64m-post-smolt-facility/,28.924809,38360000.0,90400000.0,14.989555673240002,16.4948027336,Permit,Project,70.4904164,22.0935648
14,14,Lista Laks,6000.0,https://ilaks.no/gront-lys-for-lista-laks/,RAS,Atlantic Salmon,2024.0,Norway,Farsund,https://ecofishcircle.no/en/project/list/,28.924809,57540000.0,135600000.0,22.48433350986,24.7422041004,Permit,Project,58.1096165,6.6173039
15,15,Eco Fish Circle,4000.0,https://ecofishcircle.no/en/project/machrihanish/,RAS,Atlantic Salmon,2024.0,United Kingdom,Machrihanish,https://ecofishcircle.no/en/project/machrihanish/,261.1549,38360000.0,90400000.0,23.897901964,37.48840296,Permit,Project,55.437134,-5.675664
16,16,Ecofisk,40000.0,https://www.salmonbusiness.com/former-fisheries-minister-involved-in-land-based-fish-farming-project-in-rogaland-will-produce-40000-tonnes-of-salmon-in-old-quarry/,RAS,Atlantic Salmon,2019.0,Norway,Espevik,https://www.salmonbusiness.com/former-fisheries-minister-involved-in-land-based-fish-farming-project-in-rogaland-will-produce-40000-tonnes-of-salmon-in-old-quarry/,28.924809,383600000.0,904000000.0,149.89555673240002,164.948027336,Financial block,Project,59.34318,5.66478
17,17,Bordemar,24000.0,https://www.salmonbusiness.com/former-ewos-executives-behind-chiles-first-land-based-salmon-farm/,RAS,Not specified,2019.0,Chile,"Tumbes, Talcahuano",https://www.salmonbusiness.com/former-ewos-executives-behind-chiles-first-land-based-salmon-farm/,332.61234,230160000.0,542400000.0,159.83405617440002,263.688933216,Permit,Project,-36.63983567,-73.09999981
18,18,GeoSalmo,24000.0,https://weareaquaculture.com/news/aquaculture/geosalmo-now-has-the-financing-to-begin-construction,Hybrid FTS/RAS,Atlantic Salmon,2023.0,Iceland,Ölfus,https://weareaquaculture.com/news/aquaculture/geosalmo-now-has-the-financing-to-begin-construction,28.556593,230160000.0,542400000.0,89.85258544488,98.7690960432,Conceptual,Project,63.94174985,-21.41840681
19,19,Smart Aquaculture,21600.0,https://www.fishfarmingexpert.com/chile-smart-aquaculture/21600-tonne-land-based-salmon-farm-planned-in-chile/1513442,RAS,Not specified,2023.0,Chile,"Pargua, El Espino, Los Lagos Region",https://www.fishfarmingexpert.com/chile-smart-aquaculture/21600-tonne-land-based-salmon-farm-planned-in-chile/1513442,332.61234,207144000.0,488160000.00000006,143.85065055696,237.32003989440005,Conceptual,Project,-41.79026938,-73.46920528
20,20,Fish Farm,2000.0,https://thefishsite.com/articles/dubais-aquaculture-success-story-fish-farms-llc,RAS,Atlantic Salmon and non-salmonoids,2023.0,United Arab Emirates,"Jebel Ali, Dubai",https://thefishsite.com/articles/dubais-aquaculture-success-story-fish-farms-llc,407.97467,19180000.0,45200000.0,14.7649541706,25.380455084,Operating,Operating,24.9968406,55.0457192
21,21,Salmon Evolution,20000.0,https://www.fishfarmingexpert.com/dongwon-industries-on-land-salmon-farming-salmon-evolution/salmon-evolution-and-dongwon-to-build-20000t-fish-farm-in-south-korea/1328863,Hybrid FTS/RAS,Atlantic Salmon,2021.0,South Korea,"Yangyang, Gangwon-do",https://www.seafoodsource.com/news/aquaculture/salmon-evolution-dongwon-confirm-joint-venture-to-build-land-based-salmon-farm-in-south-korea,437.60202,191800000.0,452000000.0,153.332067436,267.19611304,Conceptual,Project,38.0045,128.5951
22,22,Erko seafood,15000.0,https://www.intrafish.com/aquaculture/another-major-norwegian-firm-plans-land-based-salmon-farming-operation/2-1-319317,RAS,Atlantic Salmon,2018.0,Norway,"Sagvåg, Stord i Hordaland",https://www.intrafish.com/aquaculture/another-major-norwegian-firm-plans-land-based-salmon-farming-operation/2-1-319317,28.924809,143850000.0,339000000.0,56.21083377465,61.855510251,Operating,Operating,59.7721496,5.3825579
23,23,Driva Aquaculture,12000.0,https://norne.no/wp-content/uploads/2023/01/Land-Based_Salmon_Farming_Update_2023-01-24.pdf,RAS,Rainbow Trout and Atlantic Salmon,2023.0,Norway,"Frya, Ringebu",https://norne.no/wp-content/uploads/2023/01/Land-Based_Salmon_Farming_Update_2023-01-24.pdf,28.924809,115080000.0,271200000.0,44.96866701972,49.4844082008,Permit,Project,61.5456085,10.0669481
24,24,Gaia Salmon,50000.0,https://www.fishfarmingexpert.com/flowthrough-gaia-salmon-norway/the-on-land-salmon-farm-40-miles-out-to-sea/1382566,RAS,Atlantic Salmon,2021.0,Norway,Træna,https://www.fishfarmingexpert.com/flowthrough-gaia-salmon-norway/the-on-land-salmon-farm-40-miles-out-to-sea/1382566,28.924809,479500000.0,1130000000.0,187.3694459155,206.18503417,In construction,In construction,66.5056854,12.1034418
25,25,Pure Salmon,20000.0,https://www.fishfarmingexpert.com/pure-salmon-virginia/work-slows-at-pure-salmons-us-ras-site-to-let-ground-settle/1463121,RAS,Atlantic Salmon,2022.0,United States,Tazewell County,http://www.virginiaplaces.org/agriculture/puresalmon.html,368.10196,191800000.0,452000000.0,140.001955928,235.78208592,Conceptual,Project,37.10720817,-81.83563546
26,26,Pure Salmon,20000.0,https://www.fishfarmingexpert.com/8f-asset-management-ace-aquatec-humane-stunner-universal/pure-salmon-lines-up-ace-aquatec-stunner-for-ras-plants/1295072,RAS,Atlantic Salmon,2022.0,China,Location not specified (China),https://www.fishfarmingexpert.com/8f-asset-management-ace-aquatec-humane-stunner-universal/pure-salmon-lines-up-ace-aquatec-stunner-for-ras-plants/1295072,533.9828,191800000.0,452000000.0,171.81790104,310.7602256,Conceptual,Project,34.87219321,103.3143549
27,27,Qingdao Guoxin,20000.0,https://www.fishfarmingexpert.com/8f-asset-management-ace-aquatec-humane-stunner-universal/pure-salmon-lines-up-ace-aquatec-stunner-for-ras-plants/1295072,RAS,Atlantic Salmon,2022.0,China,Yellow Sea (ship),https://www.fishfarmingexpert.com/china-fish-farm-in-a-ship-guoxin-1/chinas-fish-farm-in-a-ship-begins-operation/1182516,533.9828,191800000.0,452000000.0,171.81790104,310.7602256,Operating,Operating,35.4943,123.7965
28,28,Nordic Aqua Partner,20000.0,https://www.fishfarmingexpert.com/akva-benchmark-china-ras-farm/danes-plan-bigger-output-at-china-ras-farm/1207842,RAS,Atlantic Salmon,2021.0,China,"Gaotang Island, Ningbo",https://www.fishfarmingexpert.com/akva-benchmark-china-ras-farm/danes-plan-bigger-output-at-china-ras-farm/1207842,533.9828,191800000.0,452000000.0,171.81790104,310.7602256,Conceptual,Project,29.16866316,121.830309
29,29,Havlandet,30000.0,https://www.salmonbusiness.com/tank-breaks-at-land-based-salmon-farm-one-week-before-fish-are-supposed-to-be-put-in-it/,RAS,Atlantic Salmon,2020.0,Norway,Florø,https://www.salmonbusiness.com/tank-breaks-at-land-based-salmon-farm-one-week-before-fish-are-supposed-to-be-put-in-it/,28.924809,287700000.0,678000000.0,112.4216675493,123.711020502,Operating,Operating,61.6106363,5.0406094
30,30,Helgeland Miljofisk,40000.0,https://www.landbasedaq.no/helgeland-miljofisk/mattilsynet-sier-nei-til-dette-anlegget/1471980,RAS,Atlantic Salmon,2023.0,Norway,"Toft, Brønnøy",https://ilaks.no/slik-vil-helgeland-miljofisk-komme-i-gang-med-sin-landbaserte-produksjon/,28.924809,383600000.0,904000000.0,149.89555673240002,164.948027336,Conceptual,Project,65.4682627,12.1186463
31,31,Hjelvik Matfisk,10000.0,https://ilaks.no/hjelvik-matfisk-vil-slakte-landbasert-laks-til-varen/,RAS,Atlantic Salmon,2021.0,Norway,"Vågstranda, Møre og Romsdal",https://ilaks.no/hjelvik-matfisk-vil-slakte-landbasert-laks-til-varen/,28.924809,95900000.0,226000000.0,37.473889183100006,41.237006834,In construction,In construction,62.6053033,7.3236419
32,32,Kvidul,20000.0,https://thefishsite.com/articles/kvidul-secures-permit-for-land-based-salmon-and-smolt-farm,RAS,Atlantic Salmon,2022.0,Norway,"Brennholmen, Åfjord",https://thefishsite.com/articles/kvidul-secures-permit-for-land-based-salmon-and-smolt-farm,28.924809,191800000.0,452000000.0,74.94777836620001,82.474013668,Permit,Project,64.041199,10.028711
33,33,AquaBounty ,10000.0,https://www.fishfarmingexpert.com/aquabounty-q3-2023-pioneer-ohio-ras/aquabounty-farm-cost-estimate-rises-to-nearly-billion/1589267,RAS,Atlantic Salmon,2023.0,United States,"Pioneer, Ohio",https://www.fishfarmingexpert.com/aquabounty-q3-2023-pioneer-ohio-ras/aquabounty-farm-cost-estimate-rises-to-nearly-billion/1589267,368.10196,95900000.0,226000000.0,70.000977964,117.89104296,In construction,In construction,41.67989545,-84.55331553
34,34,First Water,50000.0,https://www.seafoodsource.com/news/aquaculture/icelandic-land-based-salmon-farm-has-first-commercial-harvest,RAS,Atlantic Salmon,2023.0,Iceland,Þorlákshöfn,https://www.firstwater.is/press-releases/production-increase-in-sustainable-salmon-farming,28.556593,479500000.0,1130000000.0,187.1928863435,205.76895009,Operating,Operating,63.844288,-21.405253
35,35,Lofoten Salmon,3100.0,https://ilaks.no/fremtiden-til-lofoten-salmon-sitt-landbaserte-anlegg-er-fortsatt-uavklart/,RAS,Atlantic Salmon,2023.0,Norway,Kleppstad,https://www.norskeutslipp.no/WebHandlers/PDFDocumentHandler.ashx?documentID=490299&documentType=T&companyID=127571&aar=0&epslanguage=en,28.924809,29729000.0,70060000.0,11.616905646761,12.78347211854,Permit,Project,68.247218,14.27269
36,36,Nordic Salmon AB,10000.0,https://www.salmonbusiness.com/10000-tonne-land-based-trout-farm-to-be-built-on-grounds-of-17th-century-swedish-castle/,RAS,Atlantic Salmon,2020.0,Sweden,"Gunnarstrop, Bjuv",https://www.salmonbusiness.com/10000-tonne-land-based-trout-farm-to-be-built-on-grounds-of-17th-century-swedish-castle/,45.119328,95900000.0,226000000.0,39.026943555200006,44.896968128000005,Conceptual,Project,56.1044274,12.9646502
37,37,Nordkapp Laks,4000.0,https://www.landbasedaq.no/gjennomstromning-landbasert-matfiskanlegg/gront-lys-for-det-forste-landbaserte-matfiskanlegget-i-troms-og-finnmark/1443732,Hybrid FTS/RAS,Atlantic Salmon,2022.0,Norway,"Honningsvåg, Nordkapp",https://www.landbasedaq.no/gjennomstromning-landbasert-matfiskanlegg/gront-lys-for-det-forste-landbaserte-matfiskanlegget-i-troms-og-finnmark/1443732,28.924809,38360000.0,90400000.0,14.989555673240002,16.4948027336,Permit,Project,70.9813264,25.9566831
38,38,Norwegian Mountain Salmon,25000.0,https://www.landbasedaq.no/norwegian-mountain-salmon/far-fem-millioner-i-stotte-til-landbasert-prosjekt/1567822,Hybrid FTS/RAS,Atlantic Salmon,2023.0,Norway,Utsira,https://www.norwegianmountainsalmon.no/who-we-are/,28.924809,239750000.0,565000000.0,93.68472295775,103.092517085,Conceptual,Project,59.298583,4.875076
39,39,Norwegian Seafarming ,13500.0,https://www.salmonbusiness.com/plans-unveiled-for-13500-tonnes-a-year-land-based-salmon-farm/,RAS,Atlantic Salmon,2021.0,Norway,"Ramsvika, Rogaland",https://www.salmonbusiness.com/plans-unveiled-for-13500-tonnes-a-year-land-based-salmon-farm/,28.924809,129465000.0,305100000.0,50.589750397185,55.6699592259,Conceptual,Project,59.398143,5.690835
40,40,Cape Nordic ,6000.0,https://www.seafoodsource.com/news/premium/aquaculture/south-african-danish-firm-to-proceed-with-land-based-ras-facility ,RAS,Atlantic Salmon,2021.0,South Africa,Elands Bay,https://capenordic.co.za/about-us/,708.20654,57540000.0,135600000.0,61.5702043116,116.852806824,Conceptual,Project,-32.31248419,18.33872756
41,41,Ocean Farm Holding,40.0,https://ilaks.no/ocean-farm-holding-far-tillatelse-til-produksjon-av-laks-i-landbasert-anlegg/,RAS,Atlantic Salmon,2022.0,Norway,"Hausvik, Lyngdal",https://ilaks.no/ocean-farm-holding-far-tillatelse-til-produksjon-av-laks-i-landbasert-anlegg/,28.924809,383600.0,904000.0,0.1498955567324,0.164948027336,Permit,Project,58.04913,6.988008
42,42,OFS Norge,15000.0,https://www.landbasedaq.no/hybrid-gjennomstromming-matfisk-ofs-maloy/resirkulerer-85-uten-biofilter/1578020,RAS,Atlantic Salmon,2023.0,Norway,"Barstadvik, Vågsøy i Sogn og Fjordane",https://www.landbasedaq.no/hybrid-gjennomstromming-matfisk-ofs-maloy/resirkulerer-85-uten-biofilter/1578020,28.924809,143850000.0,339000000.0,56.21083377465,61.855510251,Permit,Project,62.361743,6.276533
43,43,Salfjord,36500.0,https://www.fishfarmingexpert.com/norway-salfjord-as-salmon/green-light-for-550m-land-based-salmon-farm/1539295,Hybrid FTS/RAS,Atlantic Salmon,2023.0,Norway,"Tjeldbergodden industry park, Aure",https://www.fishfarmingexpert.com/norway-salfjord-as-salmon/green-light-for-550m-land-based-salmon-farm/1539295,28.924809,350035000.0,824900000.0,136.779695518315,150.5150749441,Permit,Project,63.4163678,8.7041822
44,44,Salmon Evolution,28800.0,https://www.rastechmagazine.com/rastech23-inside-salmon-evolutions-ras-flowthrough-hybrid-model/,Hybrid FTS/RAS,Atlantic Salmon,2023.0,Norway,"Indre Harøy, Hustadvik",https://www.rastechmagazine.com/rastech23-inside-salmon-evolutions-ras-flowthrough-hybrid-model/,28.924809,276192000.0,650880000.0,107.924800847328,118.76257968192,Operating,Operating,62.8805463,6.9438864
45,45,Sande Aqua AS ,66000.0,https://www.intrafish.com/people/the-team-behind-this-600-million-land-based-salmon-farm-is-taking-shape/2-1-913953,RAS,Atlantic Salmon,2020.0,Norway,"Skipavik Business Park, Ånneland",https://www.intrafish.com/people/the-team-behind-this-600-million-land-based-salmon-farm-is-taking-shape/2-1-913953,28.924809,632940000.0,1491600000.0,247.32766860846,272.16424510440004,Conceptual,Project,60.8611376,5.0370215
46,46,Seafood Group,35000.0,https://ilaks.no/satser-motstroms-pa-land-vil-bevise-at-det-ogsa-fungerer-pa-storre-fisk/,SIFT,Atlantic Salmon,2023.0,Norway,Tromsø,https://ilaks.no/satser-motstroms-pa-land-vil-bevise-at-det-ogsa-fungerer-pa-storre-fisk/,28.924809,335650000.0,791000000.0,131.15861214085,144.329523919,Operating,Operating,69.6675568,18.9221342
47,47,Singapore RAS ,2000.0,https://www.salmonbusiness.com/singapore-ras-signs-design-deal-with-norways-ofs-and-ontec/,RAS,Atlantic Salmon,2022.0,Singapore,Singapore,https://www.singapore-ras.com/,488.77533,19180000.0,45200000.0,16.3147108294,29.032644916,Conceptual,Project,1.283413,103.850284
48,48,Skagen Aquaculture,3000.0,https://ilaks.no/nytt-landbasert-oppdrettsanlegg-skal-fores-opp-i-skagen/,RAS,Atlantic Salmon,2020.0,Denmark,Skagen,https://ilaks.no/nytt-landbasert-oppdrettsanlegg-skal-fores-opp-i-skagen/,180.41837,28770000.0,67800000.0,15.6006365049,22.642365486000003,Operating,Operating,57.7372351,10.5648622
49,49,Smart Salmon,7500.0,https://ilaks.no/smart-salmon-endelig-klare-til-a-bygge-storsmoltanlegg-i-bremanger-men-prislappen-har-okt/,RAS,Atlantic Salmon,2024.0,Norway,Bremanger,https://www.rastechmagazine.com/smart-move-solving-a-long-standing-industry-challenge/,28.924809,71925000.0,169500000.0,28.105416887325,30.9277551255,Permit,Project,61.84094373,4.958940595
50,50,Smogenlax,6000.0,https://www.undercurrentnews.com/2021/10/26/smogenlax-to-build-salmon-ras-facility-in-sweden-using-aquamaof-technology/,RAS,Atlantic Salmon,2021.0,Sweden,Kungshamn,https://www.hatcheryinternational.com/aquamaof-signs-contract-for-construction-of-smogenlaxs-2000-ton-production-ras-facility/,45.119328,57540000.0,135600000.0,23.41616613312,26.9381808768,Conceptual,Project,58.372728,11.2486715
51,51,Tomren Fish,10000.0,https://ilaks.no/tomren-fish-det-har-vaert-litt-utfordrende-a-skaffe-kapital/,RAS,Atlantic Salmon,2023.0,Norway,"Trohaugholå, Vestnes",https://www.rbnett.no/nyheter/i/EwLdEa/satser-400-millioner-pa-oppdrett-i-vestnes,28.924809,95900000.0,226000000.0,37.473889183100006,41.237006834,Permit,Project,62.61494,6.964161
52,52,Tuloma Salmon,2500.0,https://www.fishfarmingexpert.com/aquamaof-kazakhstan-russia/aquamaof-clinches-salmon-ras-contracts-in-russia-and-kazakhstan/1156424,RAS,Atlantic Salmon,2021.0,Kazakhstan,"Khorgos East-Gate, Almaty region",https://www.seafoodsource.com/news/premium/aquaculture/russian-investment-fund-plans-atlantic-salmon-farm-in-kazakhstan,635.57367,23975000.0,56500000.0,23.91287873825,44.584912355,Conceptual,Project,44.21946088,80.2360687
53,53,Tytlandsvik Aqua,5000.0,https://www.fishfarmingexpert.com/grieg-seafood-on-land-salmon-post-smolts/grieg-dips-a-toe-into-on-land-salmon-farming/1206495,RAS,Atlantic Salmon,2021.0,Norway,"Hjelmeland, Årdal",https://www.norskeutslipp.no/WebHandlers/PDFDocumentHandler.ashx?documentID=681641&documentType=T&companyID=53487&aar=0&epslanguage=en,28.924809,47950000.0,113000000.0,18.736944591550003,20.618503417,Operating,Operating,59.270213,6.33265
54,54,Vadheim Akvapark,6000.0,https://www.intrafish.com/aquaculture/feed-company-spearheads-norwegian-land-based-salmon-project/2-1-355002,RAS,Atlantic Salmon,2018.0,Norway,"Vadheim, Høyanger",https://ilaks.no/vadheim-akvapark-haper-a-starte-byggingen-til-varen/,28.924809,57540000.0,135600000.0,22.48433350986,24.7422041004,Permit,Project,61.20798782,5.830392745
55,55,Viking Aqua,33000.0,https://www.undercurrentnews.com/2022/02/09/viking-aqua-ramps-up-33000t-land-based-salmon-project-after-ras-deep-dive/,RAS,Atlantic Salmon,2022.0,Norway,"Ånneland, Gulen",https://www.vikingaqua.no/vision-mission/,28.924809,316470000.0,745800000.0,123.66383430423,136.08212255220002,Permit,Project,60.88507904,4.975228272
56,56,Swiss Lachs,1800.0,https://www.salmonbusiness.com/land-based-salmon-farmer-given-green-light-to-triple-production/,RAS,Atlantic Salmon,2023.0,Switzerland,Lostallo,https://www.salmonbusiness.com/land-based-salmon-farmer-given-green-light-to-triple-production/,41.27851,17262000.0,40680000.0,6.95854963962,7.9252097868,Operating,Operating,46.3124749,9.195911322
57,57,AquaBounty ,1200.0,https://www.fishfarmingexpert.com/aquabounty-q3-2023-pioneer-ohio-ras/aquabounty-farm-cost-estimate-rises-to-nearly-billion/1589267,RAS,Atlantic Salmon (GMO),2023.0,United States,"Albany, Indiana",https://www.fishfarmingexpert.com/aquabounty-q3-2023-pioneer-ohio-ras/aquabounty-farm-cost-estimate-rises-to-nearly-billion/1589267,368.10196,11508000.0,27120000.0,8.400117355679999,14.1469251552,Operating,Operating,40.30074743,-85.24195163
58,58,Jurassic Salmon,1000.0,https://www.intrafish.com/aquaculture/land-based-salmon-producer-price-premium-helping-offset-production-issues/2-1-311443,RAS,Atlantic Salmon,2018.0,Poland,"Janowo, West Pomerania",https://seafood.media/fis/companies/details.asp?l=e&filterby=companies&company=Jurassic%20Salmon&page=1&company_id=166742&country_id=,633.22766,9590000.0,22600000.0,9.542653259400002,17.780945115999998,Operating,Operating,54.05712244,14.98369887
59,59,Sustainable Blue,1000.0,https://mydigitalpublication.com/publication/?m=&l=1&i=805839&p=14&ver=html5,RAS,Atlantic Salmon,2023.0,Canada,"Centre Burlington, Nova Scotia",https://www.cbc.ca/news/canada/nova-scotia/equipment-failure-salmon-killed-land-based-farm-1.7042712,125.84192,9590000.0,22600000.0,4.6768240128,6.314027392,Operating,Operating,45.07160603,-64.08726698
60,60,Xinjiang E'he Construction,1000.0,https://www.undercurrentnews.com/2013/08/23/danes-build-salmon-farm-in-gobi-desert/,RAS,Atlantic Salmon,2013.0,China,Gobi desert,https://0201.nccdn.net/4_2/000/000/038/2d3/18-summerfelt.-update-closed-containment-production-of-salmon.pdf,533.9828,9590000.0,22600000.0,8.590895052,15.53801128,Operating,Operating,43.7934,87.6271
61,61,Mt Cook Alpine Salmon,1000.0,https://www.seafoodsource.com/news/premium/aquaculture/new-zealand-company-planning-1-000-metric-ton-salmon-ras,Hybrid FTS/RAS,King Salmon,2022.0,New Zealand,Mackenzie or Waitaki Districts,https://www.fishfarmingexpert.com/new-zealand-king-salmon/kiwi-king-salmon-producer-plans-on-land-facility/1441474,105.215416,9590000.0,22600000.0,4.479015839440001,5.8478684015999995,Conceptual,Project,-44.80090418,170.6574657
62,62,Qingdao Guoxin,700.0,https://thefishsite.com/articles/pioneering-chinese-salmon-ras-changes-hands,RAS,"Atlantic Salmon, Coho Salmon, King Salmon and Rainbow Trout",2020.0,China,Yantai,https://thefishsite.com/articles/pioneering-chinese-salmon-ras-changes-hands,533.9828,6713000.0,15820000.000000002,6.0136265364,10.876607896,Operating,Operating,37.48029055,121.444571
63,63,Superior Fresh,700.0,https://www.intrafish.com/aquaculture/us-land-based-salmon-farmer-superior-fresh-looking-to-expand/2-1-1486602,RAS,Atlantic Salmon and Steelhead Trout,2023.0,United States,"Northfield, Wisconsin",https://www.intrafish.com/aquaculture/us-land-based-salmon-farmer-superior-fresh-looking-to-expand/2-1-1486602,368.10196,6713000.0,15820000.000000002,4.90006845748,8.252373007200001,Operating,Operating,44.46539096,-91.09891191
64,64,Kotoura Grand Salmon,600.0,https://www.seafoodsource.com/news/aquaculture/ras-salmon-projects-crowding-into-japan,RAS,Coho Salmon,2020.0,Japan,"Kotoura-Cho, Tohaku-gun",https://www.seafoodsource.com/news/aquaculture/ras-salmon-projects-crowding-into-japan,494.85748,5754000.0,13560000.0,4.929409939919999,8.792267428799999,Operating,Operating,35.45210539,133.6417147
65,65,Cape d'Or Salmon ,7000.0,https://norne.no/wp-content/uploads/2023/01/Land-Based_Salmon_Farming_Update_2023-01-24.pdf,RAS,Atlantic Salmon,2022.0,Canada,"Advocate Harbour, Nova Scotia",https://www.seafoodsource.com/news/aquaculture/cape-d-or-showcasing-promise-of-ras-salmon,125.84192,67130000.0,158200000.0,32.737768089599996,44.198191744,Operating,Operating,45.33808822,-64.77955699
66,66,Finger Lakes Fish ,400.0,https://thefishsite.com/articles/land-based-coho-salmon-farm-lands-major-funding,RAS,Coho Salmon,2023.0,United States,"Auburn, New York",https://www.localcoho.com/,368.10196,3836000.0,9040000.0,2.80003911856,4.715641718400001,Operating,Operating,42.93167123,-76.56663876
67,67,World Heritage Salmon,100000.0,https://www.fishfarmingexpert.com/roger-hofseth-world-heritage-salmon/salmon-farm-in-mine-plan-clears-potential-hurdle/1493736,RAS,Atlantic Salmon,2023.0,Norway,"Hellesylt, Sunnylvsfjorden",https://weareaquaculture.com/news/aquaculture/norways-hofseth-one-step-closer-to-building-enormous-salmon-farm-inside-a-mountain,28.924809,959000000.0,2260000000.0,374.738891831,412.37006834,Conceptual,Project,62.08548679,6.872327381
68,68,Tuloma Salmon,2500.0,https://www.fishfarmingexpert.com/aquamaof-kazakhstan-russia/aquamaof-clinches-salmon-ras-contracts-in-russia-and-kazakhstan/1156424,RAS,Atlantic Salmon,2021.0,Russia,"Tula, Region",https://www.fishfarmingexpert.com/aquamaof-kazakhstan-russia/aquamaof-clinches-salmon-ras-contracts-in-russia-and-kazakhstan/1156424,363.67453,23975000.0,56500000.0,17.39409685675,29.222610945,Conceptual,Project,54.24325698,37.55604161
69,69,Sotenas Marine Park,100000.0,https://www.intrafish.com/salmon/most-definitely-a-challenge-one-of-europes-largest-land-based-salmon-projects-changes-ownership-structure-name/2-1-1426418,RAS,Atlantic Salmon,2023.0,Sweden,"Sotenäs, Kungshamn",https://www.seafoodsource.com/news/aquaculture/construction-agreement-reached-on-usd-2-billion-swedish-land-based-salmon-farm,45.119328,959000000.0,2260000000.0,390.269435552,448.96968128,Conceptual,Project,58.36305,11.25938
70,70,Maiken Foods,100000.0,https://www.salmonbusiness.com/fish-farming-veteran-wants-to-produce-100000-tonnes-of-land-based-salmon-in-portugal/,RAS,Atlantic Salmon,2021.0,Portugal,Figueira da Foz,https://www.salmonbusiness.com/fish-farming-veteran-wants-to-produce-100000-tonnes-of-land-based-salmon-in-portugal/,234.60472,959000000.0,2260000000.0,571.98592648,877.2066672,Conceptual,Project,40.15085,-8.86179
71,71,West Coast Salmon ,60000.0,https://www.nnbw.com/news/2022/dec/21/west-coast-salmon-plans-atlantic-salmon-operation-near-winnemucca/,RAS,Atlantic Salmon,2022.0,United States,"near Winnemucca, Nevada",https://www.nnbw.com/news/2022/dec/21/west-coast-salmon-plans-atlantic-salmon-operation-near-winnemucca/,368.10196,575400000.0,1356000000.0,420.005867784,707.3462577600001,Conceptual,Project,40.97296,-117.73568
72,72,Whole Oceans,50000.0,https://www.salmonbusiness.com/whole-oceans-bucksport-salmon-farm-work-begin-2022/,RAS,Atlantic Salmon,2022.0,United States,"Bucksport, Maine",https://www.salmonbusiness.com/whole-oceans-bucksport-salmon-farm-work-begin-2022/,368.10196,479500000.0,1130000000.0,350.00488982,589.4552148,Financial block,Project,44.57369,-68.79559
73,73,Samherji,40000.0,https://weareaquaculture.com/news/33582,RAS,Atlantic Salmon,2023.0,Iceland,Reykjanes,https://weareaquaculture.com/news/33582,28.556593,383600000.0,904000000.0,149.7543090748,164.615160072,Conceptual,Project,63.99813,-22.56111
74,74,Laxey,27000.0,https://weareaquaculture.com/news/39266,Hybrid FTS/RAS,Atlantic Salmon,2023.0,Iceland,"Vestmannaeyjar, Westman islands",https://weareaquaculture.com/news/39266,28.556593,258930000.0,610200000.0,101.08415862549,111.1152330486,In construction,In construction,63.44273,-20.27339
75,75,Pure Salmon,20000.0,https://www.sudouest.fr/gironde/le-verdon-sur-mer/le-verdon-sur-mer-projet-de-ferme-usine-de-saumons-l-industriel-doit-completer-son-dossier-environnemental-16639954.php,RAS,Atlantic Salmon,2023.0,France,Le Verdon-sur-Mer,https://pure-salmon.com/pure-salmon-farms,84.879,191800000.0,452000000.0,85.67979220000001,107.765308,Local opposition,Project,45.54627,-1.06158
76,76,Pure Salmon,20000.0,https://www.fishfarmingexpert.com/pure-salmon-soul-of-japan/pure-salmon-making-progress-in-japan/1561914,RAS,Atlantic Salmon,2023.0,Japan,"Tsu City, Mie Prefecture",https://pure-salmon.com/pure-salmon-farms/,494.85748,191800000.0,452000000.0,164.313664664,293.07558096,In construction,In construction,34.73333,136.51667
77,77,Pure Salmon,20000.0,https://www.globalseafood.org/advocate/africas-first-land-based-salmon-farm-a-landmark-for-lesotho/,RAS,Atlantic Salmon,2019.0,Lesotho,Butha-Buthe Highland region,https://www.salmonbusiness.com/20000-tonne-land-based-salmon-farm-planned-for-lesotho/,20.0,191800000.0,452000000.0,73.236,78.44,Conceptual,Project,-28.76659,28.24937
78,78,Aquacon,15000.0,https://www.seafoodsource.com/news/premium/aquaculture/aquacon-gets-first-permits-for-salmon-ras-in-maryland,RAS,Atlantic Salmon,2022.0,United States,"Federalsburg, Maryland",https://www.seafoodsource.com/news/aquaculture/aquacon-pulls-plan-to-build-15-000-mt-ras-in-us-state-of-maryland,368.10196,143850000.0,339000000.0,105.001466946,176.83656444000002,Local opposition,Project,38.69428,-75.77216
79,79,Columbi Salmon,12000.0,https://www.seafoodsource.com/news/aquaculture/columbi-salmon-forges-ahead-with-belgium-ras-farm-plans,RAS,Atlantic Salmon,2021.0,Belgium,Ostende,https://www.seafoodsource.com/news/aquaculture/columbi-salmon-forges-ahead-with-belgium-ras-farm-plans,167.10457,115080000.0,271200000.0,60.8703939156,86.958759384,Local opposition,Project,51.21551,2.927
80,80,Kazan-anlegg,10000.0,https://norne.no/wp-content/uploads/2023/01/Land-Based_Salmon_Farming_Update_2023-01-24.pdf,RAS,Atlantic Salmon,2023.0,Russia,Kazan,https://norne.no/wp-content/uploads/2023/01/Land-Based_Salmon_Farming_Update_2023-01-24.pdf,363.67453,95900000.0,226000000.0,69.576387427,116.89044378,Conceptual,Project,55.78874,49.12214
81,81,Pure Salmon,10000.0,https://pure-salmon-brunei.com/,RAS,Atlantic Salmon,2024.0,Brunei,"Kg Sabun, Mukim Serasa, Muara",https://pure-salmon-brunei.com/,493.5897,95900000.0,226000000.0,82.03525223,146.25127220000002,Conceptual,Project,5.02447,115.04664
82,82,SEA Aquaculture ,10000.0,https://www.undercurrentnews.com/2021/09/01/fundraising-soon-to-launch-for-10000t-vietnam-salmon-ras-after-pandemic-delays/,RAS,Atlantic Salmon,2021.0,Vietnam,south of Da Nang,https://www.aquacircle.org/modules/default.aspx?pageid=8&newsid=1133,386.49127,95900000.0,226000000.0,71.764512793,122.04702702,Conceptual,Project,16.06778,108.22083
83,83,Strizh-Aqua,10000.0,https://www.salmonbusiness.com/new-10000-tonnes-land-based-salmon-farm-on-the-horizon-in-russia/,RAS,Atlantic Salmon,2021.0,Russia,Krasnodar,https://www.salmonbusiness.com/new-10000-tonnes-land-based-salmon-farm-on-the-horizon-in-russia/,363.67453,95900000.0,226000000.0,69.576387427,116.89044378,Conceptual,Project,45.04484,38.97603
84,84,Svensk Lax,10000.0,https://www.intrafish.com/aquaculture/sweden-s-first-land-based-salmon-farm-nabs-51-million-from-european-investment-bank/2-1-1378235,RAS,Atlantic Salmon,2022.0,Sweden,Säffle,https://www.intrafish.com/aquaculture/sweden-s-first-land-based-salmon-farm-nabs-51-million-from-european-investment-bank/2-1-1378235,45.119328,95900000.0,226000000.0,39.026943555200006,44.896968128000005,Conceptual,Project,59.13229,12.92888
85,85,Impact Marine,10000.0,https://www.impactmarine.ch/bluff-newzealand#:~:text=ImpactMarine,RAS,King Salmon,2024.0,New Zealand,Bluff,https://www.impactmarine.ch/bluff-newzealand#:~:text=ImpactMarine,105.215416,95900000.0,226000000.0,44.7901583944,58.478684016,In construction,In construction,-46.6,168.33333
86,86,Local Ocean,40000.0,https://www.seafoodsource.com/news/aquaculture/local-ocean-pushing-forward-on-salmon-ras-in-france,RAS,Atlantic Salmon,2023.0,France,Boulogne-sur-Mer,https://www.seafoodsource.com/news/aquaculture/local-ocean-pushing-forward-on-salmon-ras-in-france,84.879,383600000.0,904000000.0,171.35958440000002,215.530616,Permit,Project,50.72485,1.61373
87,87,Smart Salmon,20000.0,https://www.lesechos.fr/pme-regions/bretagne/polemique-autour-dun-projet-de-ferme-geante-de-saumons-dans-les-cotes-darmor-1375382,RAS,Atlantic Salmon,2023.0,France,Plouisy,https://www.pdm-seafoodmag.com/lactualite/saumon-le-point-sur-les-projets-de-fermes-ras/,84.879,191800000.0,452000000.0,85.67979220000001,107.765308,Local opposition,Project,48.5787,-3.18379
88,88,Akvaproduct,7500.0,https://www.seafoodsource.com/news/aquaculture/russian-company-launching-salmon-hatchery-ras-soon,RAS,Atlantic Salmon,2023.0,Russia,Vologda,https://www.seafoodsource.com/news/aquaculture/russian-company-launching-salmon-hatchery-ras-soon,363.67453,71925000.0,169500000.0,52.18229057025,87.667832835,In construction,In construction,59.2239,39.88398
89,89,Maiken Foods,6000.0,https://maikenfoods.com/press-releases/maiken-foods-invests-80-million-euros-in-salmon-and-cod-aquaculture-in-sines-southwest-portugal/,RAS,Atlantic Salmon,2022.0,Portugal,Sines,https://maikenfoods.com/press-releases/maiken-foods-invests-80-million-euros-in-salmon-and-cod-aquaculture-in-sines-southwest-portugal/,234.60472,57540000.0,135600000.0,34.3191555888,52.632400032,Conceptual,Project,37.95622,-8.86979
90,90,Proximar Seafood,5300.0,https://www.fishfarmingexpert.com/another-milestone-reached-for-land-based-salmon-farm-in-japan/1606216,RAS,Atlantic Salmon,2023.0,Japan,Oyama,https://www.fishfarmingexpert.com/another-milestone-reached-for-land-based-salmon-farm-in-japan/1606216,494.85748,50827000.0,119780000.0,43.54312113595999,77.66502895440001,Operating,Operating,36.3,139.8
91,91,Aqua Group,5000.0,https://www.intrafish.com/salmon/russian-company-to-build-57-million-land-based-salmon-farm-near-moscow/2-1-839308,RAS,Atlantic Salmon,2022.0,Russia,Kashira,https://www.intrafish.com/salmon/russian-company-to-build-57-million-land-based-salmon-farm-near-moscow/2-1-839308,363.67453,47950000.0,113000000.0,34.7881937135,58.44522189,Conceptual,Project,54.84763,38.18214
92,92,Aquacultured Seafood,5000.0,https://www.salmonbusiness.com/grimsbys-125-million-land-based-salmon-set-for-approval/,RAS,Atlantic Salmon,2023.0,United Kingdom,Grimsby,https://www.salmonbusiness.com/grimsbys-125-million-land-based-salmon-set-for-approval/,261.1549,47950000.0,113000000.0,29.872377455,46.8605037,Conceptual,Project,53.56539,-0.07553
93,93,Swiss Blue Salmon,3400.0,https://www.fishfarmingexpert.com/billund-aquaculture-recirculating-aquaculture-system-swiss-blue-salmon/billund-and-swiss-newcomer-plan-worlds-smartest-salmon-farm/1179592,RAS,Atlantic Salmon,2022.0,Switzerland,Canton of Glarus,https://www.fishfarmingexpert.com/billund-aquaculture-recirculating-aquaculture-system-swiss-blue-salmon/billund-and-swiss-newcomer-plan-worlds-smartest-salmon-farm/1179592,41.27851,32606000.0,76840000.0,13.14392709706,14.9698407084,Conceptual,Project,47.04057,9.06804
94,94,Norcantabric,3000.0,https://www.fishfarmingexpert.com/alpha-aqua-cantabria-norcantabric/spanish-ras-salmon-plant-inaugurated/1374312,RAS,Atlantic Salmon,2021.0,Spain,"Riancho, Ramales de la Victoria",https://www.fishfarmingexpert.com/alpha-aqua-cantabria-norcantabric/spanish-ras-salmon-plant-inaugurated/1374312,217.42178,28770000.0,67800000.0,16.6652246106,25.151196684,Operating,Operating,43.2572,-3.46516
95,95,Seafood Legacy ,3000.0,https://www.salmonbusiness.com/here-are-the-two-brothers-behind-the-new-e40-million-land-based-salmon-farm-in-northern-spain/,RAS,Atlantic Salmon,2020.0,Spain,Burela,https://www.salmonbusiness.com/here-are-the-two-brothers-behind-the-new-e40-million-land-based-salmon-farm-in-northern-spain/,217.42178,28770000.0,67800000.0,16.6652246106,25.151196684,Conceptual,Project,43.662,-7.367
96,96,Cermaq                         ,2500.0,https://www.fishfarmingexpert.com/atland-corporation-cermaq-japan/cermaq-owner-mitsubishi-building-on-land-salmon-farm/1169108,RAS,Atlantic Salmon,2022.0,Japan,Nyuzen,https://www.fishfarmingexpert.com/atland-corporation-cermaq-japan/cermaq-owner-mitsubishi-building-on-land-salmon-farm/1169108,494.85748,23975000.0,56500000.0,20.539208083,36.63444762,Conceptual,Project,36.93744,137.50059
97,97,Danish Salmon,2500.0,https://www.salmonbusiness.com/danish-salmon-to-build-new-facility-and-double-production/,RAS,Atlantic Salmon,2019.0,Denmark,Hirtshals,https://www.salmonbusiness.com/danish-salmon-to-build-new-facility-and-double-production/,180.41837,23975000.0,56500000.0,13.00053042075,18.868637905,Operating,Operating,57.58812,9.95922
98,98,Ocean Harvest,2000.0,"https://www.salmonbusiness.com/uae-land-based-salmon-farmer-ocean-harvest-seeks-180m-in-series-a-funding/#:~:text=Ocean%20Harvest%2C%20which%20was%20founded,based%20water%20treatment%20firm%20Suez.",RAS,Atlantic Salmon,2023.0,United Arab Emirates,near Abu Dhabi,https://www.salmonbusiness.com/uae-land-based-salmon-farmer-ocean-harvest-seeks-180m-in-series-a-funding/,407.97467,19180000.0,45200000.0,14.7649541706,25.380455084,Conceptual,Project,24.45118,54.39696
99,99,FRD Japan,1500.0,https://www.salmonbusiness.com/japanese-frd-plans-tap-water-revolution-eyes-first-1500-t/,RAS,Atlantic Salmon,2018.0,Japan,"Kisarazu City, Chiba prefecture",https://www.rastechmagazine.com/sun-rises-on-japanese-ras/,494.85748,14385000.0,33900000.0,12.3235248498,21.980668572,Conceptual,Project,35.38329,139.93254
100,100,Namgis Kuterra,250.0,https://www.salmonbusiness.com/whole-oceans-parent-company-sign-15-year-lease-with-first-nation-owned-land-based-salmon-farm-kuterra/,RAS,Atlantic Salmon,2019.0,Canada,"near Port McNeill, Vancover island",https://www.salmonbusiness.com/land-based-farms-in-canada-years-away-from-being-profitable/,125.84192,2397500.0,5650000.0,1.1692060032,1.578506848,Operating,Operating,50.59,-127.08638
101,101,Global Fish ,600.0,https://www.rastechmagazine.com/pure-salmon-secures-certication-for-ras-facility-in-poland/,RAS,Atlantic Salmon,2020.0,Poland,"Płońsk, near Warsaw",https://www.salmonbusiness.com/four-years-later-and-no-fish-were-pure-salmons-plans-for-260k-tonnes-a-year-just-a-pipe-dream/,633.22766,5754000.0,13560000.0,5.72559195564,10.668567069600002,Operating,Operating,52.62348,20.37552
102,102,Blue Horizon Coho ,500.0,http://en.bheco.cn/aquatic.html,RAS,Pacific Salmon and Shrimp,2024.0,China,Dongying,http://en.bheco.cn/aquatic.html,533.9828,4795000.0,11300000.0,4.295447526,7.76900564,Operating,Operating,37.46271,118.49165
103,103,Saumon de France,100.0,https://thefishsite.com/articles/how-frances-flagship-salmon-farm-plans-to-adapt-to-climate-change-saumon-de-france,RAS,Atlantic Salmon and Rainbow Trout,2024.0,France,Isigny-sur-Mer,https://www.pdm-seafoodmag.com/lactualite/saumon-isigny-pour-les-inities/,84.879,959000.0,2260000.0,0.4283989609999999,0.53882654,Operating,Operating,49.31604,-1.10384
104,104,West Creek Aquaculture,90.0,https://www.salmonbusiness.com/these-are-the-leading-land-based-salmon-farms-in-the-world-right-now/,RAS,Sockeye Salmon,2019.0,Canada,Agassiz,https://www.salmonbusiness.com/these-are-the-leading-land-based-salmon-farms-in-the-world-right-now/,125.84192,863100.0,2034000.0,0.420914161152,0.5682624652800001,Operating,Operating,49.23298,-121.76926
105,105,Pure Salmon,120000.0,https://www.bmkgenetics.com/pure-salmon-chooses-benchmark-genetics-to-supply-ova/,RAS,Atlantic Salmon,2024.0,TBD,TBD,,,1150800000.0,2712000000.0,,,No project yet,No project yet,,
106,106,Proximar Seafood,20700.0,https://norne.no/wp-content/uploads/2023/01/Land-Based_Salmon_Farming_Update_2023-01-24.pdf,RAS,Atlantic Salmon,2023.0,TBD,TBD,,,198513000.0,467820000.00000006,,,No project yet,No project yet,,
107,107,Qingdao Guoxin,60000.0,https://www.fishfarmingexpert.com/8f-asset-management-ace-aquatec-humane-stunner-universal/pure-salmon-lines-up-ace-aquatec-stunner-for-ras-plants/1295072,RAS,Atlantic Salmon,2022.0,China,Yellow Sea (ship),,533.9828,575400000.0,1356000000.0,515.45370312,932.2806768,No project yet,No project yet,,
108,108,Salmon Evolution,19200.0,https://www.rastechmagazine.com/salmon-evolution-launches-north-american-expansion/,RAS,Atlantic Salmon,2022.0,TBD,TBD,,,184128000.0,433920000.0,,,No project yet,No project yet,,
